algo,run,env_step,explained_variance,mean_episode_reward,steps_per_sec,entropy,ghi_chu
PPO,ppo_v1,0,,1558.9543411909042,13.081645479828678,-1.6621229648590088,"reward raw, penalty 300, chi Town04"
PPO,ppo_v1,1024,,2163.705764743805,15.26669431778126,-1.6621229648590088,"reward raw, penalty 300, chi Town04"
PPO,ppo_v1,2048,,2444.8349364799737,15.209738547844626,-1.6621229648590088,"reward raw, penalty 300, chi Town04"
PPO,ppo_v1,3072,,2540.294096536757,14.980819838810941,-1.6621229648590088,"reward raw, penalty 300, chi Town04"
PPO,ppo_v1,4096,,2545.7321454564167,15.052914942244872,-1.6621229648590088,"reward raw, penalty 300, chi Town04"
PPO,ppo_v1,5120,,2300.6366160400075,14.523513361683312,-1.6621229648590088,"reward raw, penalty 300, chi Town04"
PPO,ppo_v1,6144,,2246.9946959439158,14.585119338375645,-1.6621229648590088,"reward raw, penalty 300, chi Town04"
PPO,ppo_v1,7168,,1600.3405847022982,14.896812018413529,-1.6621229648590088,"reward raw, penalty 300, chi Town04"
PPO,ppo_v1,8192,,1491.4773656885548,15.088875774602295,-1.6621229648590088,"reward raw, penalty 300, chi Town04"
PPO,ppo_v1,9216,,1340.5589999136253,14.608491457965657,-1.6621229648590088,"reward raw, penalty 300, chi Town04"
PPO,ppo_v1,10240,,1506.3191596780955,11.628113916877991,-1.6618278458714486,"reward raw, penalty 300, chi Town04"
PPO,ppo_v1,11264,,1470.5453708357602,11.610116474575534,-1.6616861447691917,"reward raw, penalty 300, chi Town04"
PPO,ppo_v1,12288,,1780.3384918638433,11.841723721670194,-1.6620831564068794,"reward raw, penalty 300, chi Town04"
PPO,ppo_v1,13312,,2248.4466537161584,11.956507279253614,-1.6622854948043824,"reward raw, penalty 300, chi Town04"
PPO,ppo_v1,14336,,2124.6698184511365,11.942515007316368,-1.6621419429779052,"reward raw, penalty 300, chi Town04"
PPO,ppo_v1,15360,,2575.494491300376,11.880576520222624,-1.6633036643266679,"reward raw, penalty 300, chi Town04"
PPO,ppo_v1,16384,,2696.3417193487794,11.93009749608235,-1.6645646706223487,"reward raw, penalty 300, chi Town04"
PPO,ppo_v1,17408,,2845.6670566872353,12.00260107707663,-1.6643361359834672,"reward raw, penalty 300, chi Town04"
PPO,ppo_v1,18432,,3059.0222541523685,11.981149633396345,-1.664203990995884,"reward raw, penalty 300, chi Town04"
PPO,ppo_v1,19456,,3396.5169634133517,11.994835127096621,-1.6640248775482178,"reward raw, penalty 300, chi Town04"
PPO,ppo_v1,20480,,3134.5291950209894,11.693030834128201,-1.6640740394592286,"reward raw, penalty 300, chi Town04"
PPO,ppo_v1,21504,,3221.213496717829,11.635445344115187,-1.6640135422348976,"reward raw, penalty 300, chi Town04"
PPO,ppo_v1,22528,,2726.3398932294654,11.920311618801774,-1.663528349995613,"reward raw, penalty 300, chi Town04"
PPO,ppo_v1,23552,,2602.448287093719,11.821758063222914,-1.6637955158948898,"reward raw, penalty 300, chi Town04"
PPO,ppo_v1,24576,,2724.0337274264125,11.644279564889624,-1.6641122311353684,"reward raw, penalty 300, chi Town04"
PPO,ppo_v1,25600,,2661.2483233036714,11.829052697982759,-1.664737756550312,"reward raw, penalty 300, chi Town04"
PPO,ppo_v1,26624,,3065.297019767738,11.939996310665947,-1.6655722230672836,"reward raw, penalty 300, chi Town04"
PPO,ppo_v1,27648,,2702.852856466367,11.720393745464538,-1.6660269126296043,"reward raw, penalty 300, chi Town04"
PPO,ppo_v1,28672,,2952.884806340645,11.736862843733554,-1.6661200940608978,"reward raw, penalty 300, chi Town04"
PPO,ppo_v1,29696,,3248.28128707655,11.932928695151539,-1.6672061264514924,"reward raw, penalty 300, chi Town04"
PPO,ppo_v1,30720,,3521.536904545931,11.810014439454308,-1.6681528583168983,"reward raw, penalty 300, chi Town04"
PPO,ppo_v1,31744,,3378.849294471089,11.635902044779225,-1.6682744860649108,"reward raw, penalty 300, chi Town04"
PPO,ppo_v1,32768,,3201.811835599283,13.257250896380643,-1.6681236010044813,"reward raw, penalty 300, chi Town04"
PPO,ppo_v1,33792,,2928.722761898695,11.575145710701154,-1.667699544131756,"reward raw, penalty 300, chi Town04"
PPO,ppo_v1,34816,,3373.329596741455,11.884727558587773,-1.667363713681698,"reward raw, penalty 300, chi Town04"
PPO,ppo_v1,35840,,3482.7555092037014,11.879109308720436,-1.668729653954506,"reward raw, penalty 300, chi Town04"
PPO,ppo_v1,36864,,3565.4365385086435,11.99421141265809,-1.6705736458301543,"reward raw, penalty 300, chi Town04"
PPO,ppo_v1,37888,,3581.7762944263072,11.731242886958,-1.67107285708189,"reward raw, penalty 300, chi Town04"
PPO,ppo_v1,38912,,3739.1331957846037,11.779556970368676,-1.6720471873879432,"reward raw, penalty 300, chi Town04"
PPO,ppo_v1,39936,,3403.4015148784383,11.770556792683838,-1.6729560956358909,"reward raw, penalty 300, chi Town04"
PPO,ppo_v1,40960,,3681.135163778867,11.685314728160943,-1.673250350356102,"reward raw, penalty 300, chi Town04"
PPO,ppo_v1,41984,,3661.3373169810584,11.530260638385379,-1.6731615275144578,"reward raw, penalty 300, chi Town04"
PPO,ppo_v1,43008,,3345.038808500027,11.63551119279275,-1.6738299176096916,"reward raw, penalty 300, chi Town04"
PPO,ppo_v1,44032,,3304.4015545503366,11.351767556614842,-1.6746962159872054,"reward raw, penalty 300, chi Town04"
PPO,ppo_v1,45056,,2688.816846727156,10.974062568571645,-1.6758415594696998,"reward raw, penalty 300, chi Town04"
PPO,ppo_v1,46080,,2823.96258224879,11.664401653462573,-1.6771939173340797,"reward raw, penalty 300, chi Town04"
PPO,ppo_v1,47104,,3348.9485523761805,11.884236713894264,-1.6782060012221336,"reward raw, penalty 300, chi Town04"
PPO,ppo_v1,48128,,3466.4934796761854,11.83860205899913,-1.6792356237769126,"reward raw, penalty 300, chi Town04"
PPO,ppo_v1,49152,,3685.021766890978,11.905295164409539,-1.680360123515129,"reward raw, penalty 300, chi Town04"
PPO,ppo_v1,50176,,3542.2347826250516,11.821154105063123,-1.6796354711055757,"reward raw, penalty 300, chi Town04"
PPO,ppo_v1,51200,,3615.3283577818156,11.791685870742437,-1.6791903421282768,"reward raw, penalty 300, chi Town04"
PPO,ppo_v1,52224,,3627.8066734133,11.837334938820742,-1.6793634012341498,"reward raw, penalty 300, chi Town04"
PPO,ppo_v1,53248,,3841.559657032488,11.760717312503548,-1.6794112384319306,"reward raw, penalty 300, chi Town04"
PPO,ppo_v1,54272,,3469.9619703933554,11.856738948428223,-1.6802111834287643,"reward raw, penalty 300, chi Town04"
PPO,ppo_v1,55296,,3675.154356725706,11.805517377907503,-1.6814903065562248,"reward raw, penalty 300, chi Town04"
PPO,ppo_v1,56320,,3385.4646533576124,11.888873139664376,-1.6818857491016388,"reward raw, penalty 300, chi Town04"
PPO,ppo_v1,57344,,3187.8458666366932,11.559801848361525,-1.6820189669728278,"reward raw, penalty 300, chi Town04"
PPO,ppo_v1,58368,,3522.241553959206,11.8700975167028,-1.6821041509509087,"reward raw, penalty 300, chi Town04"
PPO,ppo_v1,59392,,3525.450056450365,11.763140410473186,-1.6827937096357346,"reward raw, penalty 300, chi Town04"
PPO,ppo_v1,60416,,3715.5200838365863,11.988408652965978,-1.6830275014042855,"reward raw, penalty 300, chi Town04"
PPO,ppo_v1,61440,,4001.3297043834564,11.936386286034356,-1.683061583340168,"reward raw, penalty 300, chi Town04"
PPO,ppo_v1,62464,,3878.648094593757,11.8770971196797,-1.683079719543457,"reward raw, penalty 300, chi Town04"
PPO,ppo_v1,63488,,3710.450775786984,11.941992681540823,-1.6838793396949767,"reward raw, penalty 300, chi Town04"
PPO,ppo_v1,64512,,4108.643354157316,11.854305441585224,-1.6842146709561348,"reward raw, penalty 300, chi Town04"
PPO,ppo_v1,65536,,4108.371012635767,11.935019910376905,-1.6840576171875,"reward raw, penalty 300, chi Town04"
PPO,ppo_v1,66560,,3856.5029710931276,11.907147209334344,-1.6847942978143693,"reward raw, penalty 300, chi Town04"
PPO,ppo_v1,67584,,4182.541518330526,11.800805556322057,-1.6855123832821846,"reward raw, penalty 300, chi Town04"
PPO,ppo_v1,68608,,4079.6398981039188,11.623767599262399,-1.6871267035603523,"reward raw, penalty 300, chi Town04"
PPO,ppo_v1,69632,,3670.188150009948,11.54098347969127,-1.6876410514116287,"reward raw, penalty 300, chi Town04"
PPO,ppo_v1,70656,,3421.7609155769196,11.680317633522542,-1.6873652756214141,"reward raw, penalty 300, chi Town04"
PPO,ppo_v1,71680,,3236.131474619505,11.819914560548716,-1.6878188878297806,"reward raw, penalty 300, chi Town04"
PPO,ppo_v1,72704,,3030.8813778415138,11.79070590406648,-1.6883482962846756,"reward raw, penalty 300, chi Town04"
PPO,ppo_v1,73728,,2870.2946567298964,11.831222380186695,-1.6893472999334336,"reward raw, penalty 300, chi Town04"
PPO,ppo_v1,74752,,2922.3341542498874,11.676134786422471,-1.6893841937184333,"reward raw, penalty 300, chi Town04"
PPO,ppo_v1,75776,,3185.9653587147786,11.787375338911577,-1.6899469837546348,"reward raw, penalty 300, chi Town04"
PPO,ppo_v1,76800,,3596.03845977328,11.803609873141035,-1.6901168942451477,"reward raw, penalty 300, chi Town04"
PPO,ppo_v1,77824,,3496.3111620483833,17.50974557664889,-1.6903109401464462,"reward raw, penalty 300, chi Town04"
PPO,ppo_v1,78848,,3920.2003856977003,11.842986458736469,-1.6908542945981027,"reward raw, penalty 300, chi Town04"
PPO,ppo_v1,79872,,4447.338906943608,11.78832844714606,-1.691921980679035,"reward raw, penalty 300, chi Town04"
PPO,ppo_v1,80896,,4420.975467611738,11.648317166602595,-1.6923866763710975,"reward raw, penalty 300, chi Town04"
PPO,ppo_v1,81920,,4171.672065172126,11.682185113033631,-1.6919826477766038,"reward raw, penalty 300, chi Town04"
PPO,ppo_v1,82944,,3593.4550558017827,11.687841707505282,-1.6916750386357307,"reward raw, penalty 300, chi Town04"
PPO,ppo_v1,83968,,3769.9025754886425,11.703972236342338,-1.6920751750469207,"reward raw, penalty 300, chi Town04"
PPO,ppo_v1,84992,,4183.373093786194,11.728098233048742,-1.6924136653542519,"reward raw, penalty 300, chi Town04"
PPO,ppo_v1,86016,,3873.728959746798,11.738826060515828,-1.6929662942886352,"reward raw, penalty 300, chi Town04"
PPO,ppo_v1,87040,,3481.77520783429,11.925077358663046,-1.6933256000280381,"reward raw, penalty 300, chi Town04"
PPO,ppo_v1,88064,,3819.7369037206945,11.528915993700553,-1.6929931089282035,"reward raw, penalty 300, chi Town04"
PPO,ppo_v1,89088,,4139.991712683509,11.712102163686232,-1.6933896780014037,"reward raw, penalty 300, chi Town04"
PPO,ppo_v1,90112,,4382.186596410196,11.666532487392551,-1.6935149878263474,"reward raw, penalty 300, chi Town04"
PPO,ppo_v1,91136,,3619.781174305408,11.876748257174855,-1.6934702008962632,"reward raw, penalty 300, chi Town04"
PPO,ppo_v1,92160,,3340.7949515496357,11.793688489937177,-1.6928206503391265,"reward raw, penalty 300, chi Town04"
PPO,ppo_v1,93184,,3707.8266975104184,11.895785192889063,-1.6929133251309394,"reward raw, penalty 300, chi Town04"
PPO,ppo_v1,94208,,3607.3823550098923,11.686193436042904,-1.6933238923549652,"reward raw, penalty 300, chi Town04"
PPO,ppo_v1,95232,,3300.275040728359,11.747388128196636,-1.6925004318356514,"reward raw, penalty 300, chi Town04"
PPO,ppo_v1,96256,,3561.3829567353837,11.725249524218784,-1.6922920376062394,"reward raw, penalty 300, chi Town04"
PPO,ppo_v1,97280,,3883.9344503638968,11.84987450459698,-1.6926313877105712,"reward raw, penalty 300, chi Town04"
PPO,ppo_v1,98304,,3949.376068511592,11.905409710234757,-1.692499040067196,"reward raw, penalty 300, chi Town04"
PPO,ppo_v1,99328,,3861.361880330568,11.693646126636727,-1.692464615404606,"reward raw, penalty 300, chi Town04"
PPO,ppo_v1,100352,,3994.9636697157075,11.962494489481607,-1.6924024820327759,"reward raw, penalty 300, chi Town04"
PPO,ppo_v1,101376,,3943.2919728736533,11.79105723995164,-1.6928817480802536,"reward raw, penalty 300, chi Town04"
PPO,ppo_v1,102400,,4151.1279335554555,11.718078828965025,-1.6936325773596763,"reward raw, penalty 300, chi Town04"
PPO,ppo_v1,103424,,4166.13442251886,11.7025313866189,-1.6940880015492439,"reward raw, penalty 300, chi Town04"
PPO,ppo_v2,102400,0.6658251585011832,1278.4980818625722,14.245844982758616,-1.6933263540267944,"reward raw, penalty 1000"
PPO,ppo_v2,103424,0.07288110462336783,3302.5851736859763,15.615164890289071,-1.6933263540267944,"reward raw, penalty 1000"
PPO,ppo_v2,104448,0.8729378546754764,3885.2838067695693,15.585300043532124,-1.6933263540267944,"reward raw, penalty 1000"
PPO,ppo_v2,105472,0.8282880712070237,4052.5536336429864,15.25674652074262,-1.6933263540267944,"reward raw, penalty 1000"
PPO,ppo_v2,106496,0.9693898218343945,4181.686982749824,15.320996406858319,-1.6933263540267944,"reward raw, penalty 1000"
PPO,ppo_v2,107520,0.8531072202271487,3634.647819065857,15.110491697806948,-1.6933263540267944,"reward raw, penalty 1000"
PPO,ppo_v2,108544,0.6550412004592391,3428.6962944652905,15.33448335336507,-1.6933263540267944,"reward raw, penalty 1000"
PPO,ppo_v2,109568,0.8621407147542397,4181.982472854463,15.574623457402938,-1.6933263540267944,"reward raw, penalty 1000"
PPO,ppo_v2,110592,0.8020524214162551,2352.0677849162303,15.512764001216773,-1.6933263540267944,"reward raw, penalty 1000"
PPO,ppo_v2,111616,0.9231243709906602,2551.944180774696,15.352599642606632,-1.6933263540267944,"reward raw, penalty 1000"
PPO,ppo_v2,112640,0.9300339472311158,2466.3438668476915,11.917605052483687,-1.6937059476971625,"reward raw, penalty 1000"
PPO,ppo_v2,113664,0.9071626699621829,3115.0055537675653,12.043842534132152,-1.6943778112530707,"reward raw, penalty 1000"
PPO,ppo_v2,114688,0.9625681493976721,3542.4133002430913,12.038060427061392,-1.6952142417430878,"reward raw, penalty 1000"
PPO,ppo_v2,115712,0.9554937911592445,3280.7974734894256,11.8193374617323,-1.695483995974064,"reward raw, penalty 1000"
PPO,ppo_v2,116736,0.8567634067401204,3919.5541421871544,11.962059001028452,-1.695570008456707,"reward raw, penalty 1000"
PPO,ppo_v2,117760,0.6397762196047351,4519.845404677087,11.908244555261678,-1.6959157943725587,"reward raw, penalty 1000"
PPO,ppo_v2,118784,0.8410483123720613,4530.930073403556,11.855651957630508,-1.695806822180748,"reward raw, penalty 1000"
PPO,ppo_v2,119808,0.9339868923754413,4532.242269223997,11.945169912074453,-1.6952684596180916,"reward raw, penalty 1000"
PPO,ppo_v2,120832,0.9037342141070578,4819.1084604804,12.078775533449825,-1.6952659398317338,"reward raw, penalty 1000"
PPO,ppo_v2,121856,0.7577149264650275,4685.983219339622,12.058171059061815,-1.695685948431492,"reward raw, penalty 1000"
PPO,ppo_v2,122880,0.9377236349947403,4467.4153486302675,12.025318654261794,-1.6959189161658288,"reward raw, penalty 1000"
PPO,ppo_v2,123904,0.7598943824210115,4676.687953043756,12.01619589627083,-1.6970912218093872,"reward raw, penalty 1000"
PPO,ppo_v2,124928,0.9051431316054722,4714.475871417288,11.849627310657329,-1.6978604942560196,"reward raw, penalty 1000"
PPO,ppo_v2,125952,0.8745816580428512,4955.763524828284,11.916784441185705,-1.6989264518022538,"reward raw, penalty 1000"
PPO,ppo_v2,126976,0.6139646041715635,5424.925101493338,11.907144832559762,-1.6996534168720245,"reward raw, penalty 1000"
PPO,ppo_v2,128000,0.8992628102682512,5046.429099349173,11.883794738435409,-1.6998926728963852,"reward raw, penalty 1000"
PPO,ppo_v2,129024,0.8069830565247069,5413.412802653055,11.972474127411845,-1.7003119215369225,"reward raw, penalty 1000"
PPO,ppo_v2,130048,0.6436449576220853,5702.728808091624,11.608710970594876,-1.7007060676813126,"reward raw, penalty 1000"
PPO,ppo_v2,131072,0.48568909553116124,5644.363824851576,11.914022598751169,-1.701377446949482,"reward raw, penalty 1000"
PPO,ppo_v2,132096,0.6022837612400498,5597.590535770292,11.942492658939743,-1.7012531176209449,"reward raw, penalty 1000"
PPO,ppo_v2,133120,0.9032067508672845,5677.427319485029,12.04245131276266,-1.702280303835869,"reward raw, penalty 1000"
PPO,ppo_v2,134144,0.7807691029465457,6114.557782458302,11.879891222185519,-1.703252339363098,"reward raw, penalty 1000"
PPO,ppo_v2,135168,0.6735871030678034,5306.935246597071,11.941971729692693,-1.704001073539257,"reward raw, penalty 1000"
PPO,ppo_v2,136192,0.9376320744880932,5352.758223282668,12.064008154174356,-1.7047276243567466,"reward raw, penalty 1000"
PPO,ppo_v2,137216,0.8048309694545938,4786.361104375204,11.838784245122552,-1.7048224076628684,"reward raw, penalty 1000"
PPO,ppo_v2,138240,0.80771018657369,4745.970372931235,11.920612291939012,-1.7049940630793572,"reward raw, penalty 1000"
PPO,ppo_v2,139264,0.8941608546753113,4132.766071737614,11.917842524093844,-1.7051091507077216,"reward raw, penalty 1000"
PPO,ppo_v2,140288,0.9589884636103808,3432.099037050374,11.806055417837198,-1.7051775261759758,"reward raw, penalty 1000"
PPO,ppo_v2,141312,0.904557247251912,3395.532033729326,11.90512392729651,-1.7055006459355355,"reward raw, penalty 1000"
PPO,ppo_v2,142336,0.7244116286895119,3899.156129072157,12.002327211679738,-1.7059848397970199,"reward raw, penalty 1000"
PPO,ppo_v2,143360,0.7733648486959682,4332.984415331917,12.032384826242048,-1.7059324502944946,"reward raw, penalty 1000"
PPO,ppo_v2,144384,0.38112074001699014,4641.289819174153,11.9639895712549,-1.706124722957611,"reward raw, penalty 1000"
PPO,ppo_v2,145408,0.880981434535053,4736.412382477513,11.946760424184154,-1.7060677617788316,"reward raw, penalty 1000"
PPO,ppo_v2,146432,0.8951639600945901,5048.671471272143,12.010015383283056,-1.706333526968956,"reward raw, penalty 1000"
PPO,ppo_v2,147456,0.9566262158405,5429.588601807779,12.002154077505807,-1.7068464770913123,"reward raw, penalty 1000"
PPO,ppo_v2,148480,0.9381164111236938,5427.285184966232,11.736590964322492,-1.707027840614319,"reward raw, penalty 1000"
PPO,ppo_v2,149504,0.771929451618392,5072.491650000918,11.8946526214056,-1.7076419189572334,"reward raw, penalty 1000"
PPO,ppo_v2,150528,0.7336857162435046,4641.579536697913,12.131013343205126,-1.7075552985072135,"reward raw, penalty 1000"
PPO,ppo_v2,151552,0.9047691919154033,4375.73274927696,11.960186638699536,-1.707463875412941,"reward raw, penalty 1000"
PPO,ppo_v2,152576,0.9015457370101768,2925.048288213587,11.776528215098393,-1.7081535905599594,"reward raw, penalty 1000"
PPO,ppo_v2,153600,0.81936560869233,3275.526220932246,11.893433778221665,-1.7086806878447534,"reward raw, penalty 1000"
PPO,ppo_v2,154624,0.8364978997600949,3622.3528521029575,12.037464799466305,-1.710584057867527,"reward raw, penalty 1000"
PPO,ppo_v2,155648,0.5514229033540293,3588.349000780729,12.01804481056286,-1.7123179748654365,"reward raw, penalty 1000"
PPO,ppo_v2,156672,0.7883299771304724,3864.823555671428,12.114268244140868,-1.713246537744999,"reward raw, penalty 1000"
PPO,ppo_v2,157696,0.8687281225176473,4269.566349475661,11.891545598228234,-1.714262807369232,"reward raw, penalty 1000"
PPO,ppo_v2,158720,0.7566458277487949,4241.455765779438,11.869615227560482,-1.7145265266299248,"reward raw, penalty 1000"
PPO,ppo_v2,159744,0.8667930978598402,4580.235154738524,12.035099740380607,-1.7147651389241219,"reward raw, penalty 1000"
PPO,ppo_v2,160768,0.9722524983224919,5276.398037968252,12.024790373410912,-1.7149144038558006,"reward raw, penalty 1000"
PPO,ppo_v2,161792,0.7575241087398841,4830.539615435257,12.014480269584947,-1.7157281026244164,"reward raw, penalty 1000"
PPO,ppo_v2,162816,0.8460873780809528,4815.078402974987,12.021091587017954,-1.7167227193713188,"reward raw, penalty 1000"
PPO,ppo_v2,163840,0.8945184046643525,4767.081321625047,11.872740699065993,-1.7174514070153237,"reward raw, penalty 1000"
PPO,ppo_v3,164864,0.9245368192847817,1387.7959717176911,14.033862704032188,-1.7173895835876465,"reward raw, w_lane 8"
PPO,ppo_v3,165888,0.8755762470542134,3110.06935000009,15.021330752867065,-1.7173895835876465,"reward raw, w_lane 8"
PPO,ppo_v3,166912,0.8632534507694317,3937.375707475944,15.137776369967563,-1.7173895835876465,"reward raw, w_lane 8"
PPO,ppo_v3,167936,0.8579177404700868,4049.1762420481446,14.809089202012617,-1.7173895835876465,"reward raw, w_lane 8"
PPO,ppo_v3,168960,0.8819625736387834,4315.994239907167,14.730279248642896,-1.7173895835876465,"reward raw, w_lane 8"
PPO,ppo_v3,169984,0.8888010045801182,4199.579207619326,15.424357807718721,-1.7173895835876465,"reward raw, w_lane 8"
PPO,ppo_v3,171008,0.8430297110341134,3146.4518406162283,15.195670445621046,-1.7173895835876465,"reward raw, w_lane 8"
PPO,ppo_v3,172032,0.7365672871832001,3260.3614421058182,15.464856386362973,-1.7173895835876465,"reward raw, w_lane 8"
PPO,ppo_v3,173056,0.9611366619806426,2368.904090743182,15.298744658805138,-1.7173895835876465,"reward raw, w_lane 8"
PPO,ppo_v3,174080,0.963651242987549,2045.86616147546,15.363956408228201,-1.7173895835876465,"reward raw, w_lane 8"
PPO,ppo_v3,175104,0.8323048544651858,2024.2900034886923,11.990958061979073,-1.7176893159747124,"reward raw, w_lane 8"
PPO,ppo_v3,176128,0.9671859613207948,2416.3388054266425,12.055077004025648,-1.7189969286322593,"reward raw, w_lane 8"
PPO,ppo_v3,177152,0.845763335389278,3049.7434804641307,12.046015107192261,-1.720378151535988,"reward raw, w_lane 8"
PPO,ppo_v3,178176,0.9337621617964718,3357.828778826054,11.92549416514308,-1.7207081586122512,"reward raw, w_lane 8"
PPO,ppo_v3,179200,0.9589109206037626,3134.5492978362327,11.79871780283269,-1.7214805901050567,"reward raw, w_lane 8"
PPO,ppo_v3,180224,0.8848329261352805,3768.2002165100566,11.963337070240339,-1.7216927051544189,"reward raw, w_lane 8"
PPO,ppo_v3,181248,0.9215450096003058,4043.041486440748,12.060345994220908,-1.7223748594522477,"reward raw, w_lane 8"
PPO,ppo_v3,182272,0.9413450651365697,4214.031616731547,11.83344541486936,-1.7228786140680312,"reward raw, w_lane 8"
PPO,ppo_v3,183296,0.9336616320864447,4320.109763428148,12.006555791518243,-1.723718249797821,"reward raw, w_lane 8"
PPO,ppo_v3,184320,0.871800755927349,4565.177766817991,12.058560386383586,-1.7241723507642746,"reward raw, w_lane 8"
PPO,ppo_v3,185344,0.8463226149928859,4689.561062339826,11.972691128938814,-1.7244277641177177,"reward raw, w_lane 8"
PPO,ppo_v3,186368,0.6952637370896766,4472.686169033219,11.963284619980836,-1.7244791224598885,"reward raw, w_lane 8"
PPO,ppo_v3,187392,0.5882304559438805,4739.354461369308,12.06489600511369,-1.7248967319726944,"reward raw, w_lane 8"
PPO,ppo_v3,188416,0.9326598609142339,4751.998636904928,11.852835552396984,-1.7256478920578957,"reward raw, w_lane 8"
PPO,ppo_v3,189440,0.17517651663491884,4748.638413661773,11.939389172362663,-1.7256437063217163,"reward raw, w_lane 8"
PPO,ppo_v3,190464,0.8677812223405557,4697.249979027924,11.848433170163856,-1.7257139846682548,"reward raw, w_lane 8"
PPO,ppo_v3,191488,0.8300423674320221,4315.851045828112,11.915937660510913,-1.7268003270030021,"reward raw, w_lane 8"
PPO,ppo_v3,192512,0.9334824843517224,4740.438003371861,11.873055453766865,-1.7276153311133384,"reward raw, w_lane 8"
PPO,ppo_v3,193536,0.6059676884849052,4143.01886829814,11.809560107748991,-1.728077332675457,"reward raw, w_lane 8"
PPO,ppo_v3,194560,0.9354550470013046,4463.754343911348,12.102518143207666,-1.7281562387943268,"reward raw, w_lane 8"
PPO,ppo_v3,195584,0.9124354259659505,4498.166826389983,11.868237399549079,-1.7290172532200814,"reward raw, w_lane 8"
PPO,ppo_v3,196608,0.8485895027482099,4838.560120904679,12.10195093584902,-1.7291807129979133,"reward raw, w_lane 8"
PPO,ppo_v3,197632,0.96438866937932,5040.169325576008,11.798174500570886,-1.7292605265974998,"reward raw, w_lane 8"
PPO,ppo_v3,198656,0.9482430648565474,4677.090448326479,11.944726216516706,-1.7301678121089936,"reward raw, w_lane 8"
PPO,ppo_v3,199680,0.8436443797794223,598.8869638172356,11.293035145678568,-1.7309206247329711,"reward raw, w_lane 8"
PPO,ppo_v3,200704,0.713928682104185,2938.014280940659,12.007628768841403,-1.731277170777321,"reward raw, w_lane 8"
PPO,ppo_v3,201728,0.842227224122348,4068.9225920433973,12.024774886940778,-1.7319715216755867,"reward raw, w_lane 8"
PPO,ppo_v3,202752,0.9131216189244528,4376.624875483719,11.907221318962275,-1.732919232547283,"reward raw, w_lane 8"
PPO,ppo_v3,203776,0.7215778136896625,4415.753932169892,11.788289394503586,-1.733917847275734,"reward raw, w_lane 8"
PPO,ppo_v3,204800,0.8987255862632818,4358.937992548161,11.875618979186417,-1.7343592569231987,"reward raw, w_lane 8"
PPO,ppo_v3,205824,0.9318931681530015,3719.9785428843584,11.850333774572858,-1.7342824548482896,"reward raw, w_lane 8"
PPO,ppo_v3,206848,0.7189415757349122,4040.9624774971453,11.736100958911784,-1.7337318390607834,"reward raw, w_lane 8"
PPO,ppo_v3,207872,0.9564904833759281,2719.1506464209015,11.797618350639302,-1.733054880797863,"reward raw, w_lane 8"
PPO,ppo_v3,208896,0.9654051212656047,2360.969986714415,11.824857109348471,-1.733976063132286,"reward raw, w_lane 8"
PPO,ppo_v3,209920,0.9016844433901182,2610.6218979807063,11.939508988665933,-1.7346123203635215,"reward raw, w_lane 8"
PPO,ppo_v3,210944,0.9722518958497607,2983.350534964974,11.828441023038996,-1.7350786224007606,"reward raw, w_lane 8"
PPO,ppo_v3,211968,0.5593962218389565,3324.261559240966,12.03229580190395,-1.7361513063311578,"reward raw, w_lane 8"
PPO,ppo_v3,212992,0.9548947819586665,3602.4925593135704,11.869534795176104,-1.737580107152462,"reward raw, w_lane 8"
PPO,ppo_v3,214016,0.9132157100750231,3475.1401560970944,11.560821944684058,-1.738733235001564,"reward raw, w_lane 8"
PPO,ppo_v3,215040,0.8812948268988019,4095.3732992050086,11.951548038621109,-1.7394671514630318,"reward raw, w_lane 8"
PPO,ppo_v3,216064,0.9108725790634389,4679.054687665741,11.998366868758696,-1.739527978003025,"reward raw, w_lane 8"
PPO,ppo_v3,217088,0.8120369915899989,4688.8787890021495,11.643288309131067,-1.7405455201864242,"reward raw, w_lane 8"
PPO,ppo_v3,218112,0.9437465167829102,4700.736560835744,11.859920847693841,-1.7417206555604934,"reward raw, w_lane 8"
PPO,ppo_v3,219136,0.8677463853330266,4883.3730067954775,11.910729723775706,-1.7430582404136659,"reward raw, w_lane 8"
PPO,ppo_v3,220160,0.20955874715092715,4726.985108145152,11.882706200455482,-1.7441586792469024,"reward raw, w_lane 8"
PPO,ppo_v3,221184,0.6763026659186666,4767.950565659869,11.860485147187752,-1.7452953830361366,"reward raw, w_lane 8"
PPO,ppo_v3,222208,0.8853903813463162,4835.327741542297,11.759160752354697,-1.746352957189083,"reward raw, w_lane 8"
PPO,ppo_v3,223232,0.8878498550369477,5007.521602637385,11.761790281563712,-1.7470098838210106,"reward raw, w_lane 8"
PPO,ppo_v3,224256,0.4945165212451469,5080.881485305332,11.973716869654494,-1.748075322806835,"reward raw, w_lane 8"
PPO,ppo_v3,225280,0.9232520667643606,5192.6725434631035,11.667845841638677,-1.749103832244873,"reward raw, w_lane 8"
PPO,ppo_v3,226304,0.5837322282344184,4670.102828812004,11.663922947109217,-1.7492969796061515,"reward raw, w_lane 8"
PPO,ppo_v3,227328,0.40085760096922973,4993.041803484801,11.843544706221008,-1.749525387585163,"reward raw, w_lane 8"
PPO,ppo_v3,228352,0.7371014103110263,4947.830412836611,11.837330925970287,-1.7501288220286368,"reward raw, w_lane 8"
PPO,ppo_v3,229376,0.880852389816557,4908.905151848807,11.89996058353939,-1.7502895265817642,"reward raw, w_lane 8"
PPO,ppo_v3,230400,0.8579605019624686,4790.118265724028,11.819371353589537,-1.7500786945223807,"reward raw, w_lane 8"
PPO,ppo_v3,231424,0.8156927500711789,4851.584023586534,11.988811124441977,-1.7508855283260345,"reward raw, w_lane 8"
PPO,ppo_v3,232448,0.7637707850046926,5238.602463583499,11.714983023128314,-1.7521566137671472,"reward raw, w_lane 8"
PPO,ppo_v3,233472,0.8777280858026496,4865.152578339915,11.830488669065565,-1.7528421729803085,"reward raw, w_lane 8"
PPO,ppo_v3,234496,0.5495967699479707,4884.98034059533,11.904343737136385,-1.752742937207222,"reward raw, w_lane 8"
PPO,ppo_v3,235520,0.8856014023746294,4395.52917420959,11.625313126268608,-1.752752524614334,"reward raw, w_lane 8"
PPO,ppo_v3,236544,0.898571540032152,4648.146589596041,11.694678997078258,-1.753060555458069,"reward raw, w_lane 8"
PPO,ppo_v3,237568,0.864113686441384,3794.53785884952,11.62722638851581,-1.7528687492012978,"reward raw, w_lane 8"
PPO,ppo_v3,238592,0.9495591190309638,3106.162557530616,11.720599082448848,-1.7532373249530793,"reward raw, w_lane 8"
PPO,ppo_v3,239616,0.9115320666566168,3087.6527951702183,11.786707834341865,-1.754485611617565,"reward raw, w_lane 8"
PPO,ppo_v3,240640,0.25525890026193687,3259.6374420516054,11.807491913139788,-1.7557865902781487,"reward raw, w_lane 8"
PPO,ppo_v3,241664,0.6161766732003887,3835.1068565313544,11.876528742451216,-1.75581793487072,"reward raw, w_lane 8"
PPO,ppo_v3,242688,0.6687488534301396,4382.402161218336,11.860363701995917,-1.7564789578318596,"reward raw, w_lane 8"
PPO,ppo_v3,243712,0.7482207931411818,4229.764912494358,11.769034649269122,-1.7573053166270256,"reward raw, w_lane 8"
PPO,ppo_v3,244736,0.7606697418254134,4640.568635796295,11.883800854380677,-1.757388487458229,"reward raw, w_lane 8"
PPO,ppo_v3,245760,0.9215962658334962,4965.1139739286,11.850370656342895,-1.7574623465538024,"reward raw, w_lane 8"
PPO,ppo_v3,246784,0.8579536924084303,5073.460796095025,11.495569314228584,-1.757952506840229,"reward raw, w_lane 8"
PPO,ppo_v3,247808,0.751418487642677,4735.6227326586995,11.80041333906901,-1.7583388835191727,"reward raw, w_lane 8"
PPO,ppo_v3,248832,0.7328900232631108,4304.00471650148,11.793778455230019,-1.7590695172548294,"reward raw, w_lane 8"
PPO,ppo_v3,249856,0.8224186529195415,3806.507532280399,11.889989469513962,-1.7598026394844055,"reward raw, w_lane 8"
PPO,ppo_v3,250880,0.9344722376478548,2964.976880965392,15.835196315658942,-1.7600117206573487,"reward raw, w_lane 8"
PPO,ppo_v3,251904,0.7411278038152406,2727.532388720302,11.873417688485016,-1.7600884854793548,"reward raw, w_lane 8"
PPO,ppo_v3,252928,0.7511723504039246,3402.496241437627,11.828493177132728,-1.7604106649756432,"reward raw, w_lane 8"
PPO,ppo_v3,253952,0.8218923155867617,3435.879202112226,11.740036877827704,-1.7613125666975975,"reward raw, w_lane 8"
PPO,ppo_v3,254976,0.6408005931105638,3326.6762749960712,11.955402784664713,-1.7622842371463776,"reward raw, w_lane 8"
PPO,ppo_v4,0,0.0003965450016097938,-48.0033524530814,15.155197482266043,-0.8949973583221436,"reward chuan hoa, 4 town — MO HINH DUOC CHON"
PPO,ppo_v4,1024,0.47062237321163913,-35.3927486250058,16.493808747328238,-0.8949973583221436,"reward chuan hoa, 4 town — MO HINH DUOC CHON"
PPO,ppo_v4,2048,0.3393890950750599,-24.087340623931844,16.280650437975574,-0.8949973583221436,"reward chuan hoa, 4 town — MO HINH DUOC CHON"
PPO,ppo_v4,3072,0.7633261178058734,-15.111171146590769,16.38013103884253,-0.8949973583221436,"reward chuan hoa, 4 town — MO HINH DUOC CHON"
PPO,ppo_v4,4096,0.772445347504375,-30.62294268886987,15.991305608005927,-0.8949973583221436,"reward chuan hoa, 4 town — MO HINH DUOC CHON"
PPO,ppo_v4,5120,0.6592067382412279,-52.2279353534253,16.42007613697468,-0.8949973583221436,"reward chuan hoa, 4 town — MO HINH DUOC CHON"
PPO,ppo_v4,6144,0.7497648478711063,-71.62968171790844,16.414409461803913,-0.8949973583221436,"reward chuan hoa, 4 town — MO HINH DUOC CHON"
PPO,ppo_v4,7168,0.7187017664529003,-56.61403141294069,16.68831337812257,-0.8949973583221436,"reward chuan hoa, 4 town — MO HINH DUOC CHON"
PPO,ppo_v4,8192,0.21992120482754973,-22.448777902829292,15.792159102048423,-0.8949973583221436,"reward chuan hoa, 4 town — MO HINH DUOC CHON"
PPO,ppo_v4,9216,-0.3096846182768931,-14.683079119379164,17.047536319516844,-0.8949973583221436,"reward chuan hoa, 4 town — MO HINH DUOC CHON"
PPO,ppo_v4,10240,0.0067229329909527236,12.152667587179293,12.920692555236705,-0.8953698202967644,"reward chuan hoa, 4 town — MO HINH DUOC CHON"
PPO,ppo_v4,11264,0.485000379448426,13.065225698271348,12.614394918141734,-0.8955662712454796,"reward chuan hoa, 4 town — MO HINH DUOC CHON"
PPO,ppo_v4,12288,0.5376727353513706,36.17263878043899,11.93311999604801,-0.8951284617185593,"reward chuan hoa, 4 town — MO HINH DUOC CHON"
PPO,ppo_v4,13312,0.32607288486147734,48.66900770871329,12.53842039479317,-0.8950544402003289,"reward chuan hoa, 4 town — MO HINH DUOC CHON"
PPO,ppo_v4,14336,0.3108751159450086,50.584783330837226,11.703929403082492,-0.8953064441680908,"reward chuan hoa, 4 town — MO HINH DUOC CHON"
PPO,ppo_v4,15360,0.13888501875817172,34.20050222226819,11.715823406286452,-0.8949911281466484,"reward chuan hoa, 4 town — MO HINH DUOC CHON"
PPO,ppo_v4,16384,-0.9502632464050313,38.833225475996,11.851622549288962,-0.8953563377261162,"reward chuan hoa, 4 town — MO HINH DUOC CHON"
PPO,ppo_v4,17408,0.12287109422643916,46.41921814644955,11.934455991009704,-0.8960112690925598,"reward chuan hoa, 4 town — MO HINH DUOC CHON"
PPO,ppo_v4,18432,0.2742299285917076,49.77421573252269,11.60045058167722,-0.8971904084086418,"reward chuan hoa, 4 town — MO HINH DUOC CHON"
PPO,ppo_v4,19456,0.1553064624404743,48.34367454208492,11.882904803980143,-0.8969832390546799,"reward chuan hoa, 4 town — MO HINH DUOC CHON"
PPO,ppo_v4,20480,0.4318530969595644,58.32127346035035,11.762393729489444,-0.8965434297919274,"reward chuan hoa, 4 town — MO HINH DUOC CHON"
PPO,ppo_v4,21504,0.4748853935759304,76.07555265488882,11.46034548580545,-0.8963200464844704,"reward chuan hoa, 4 town — MO HINH DUOC CHON"
PPO,ppo_v4,22528,0.6719100154176287,65.69006560350988,12.399132780440004,-0.8962783142924309,"reward chuan hoa, 4 town — MO HINH DUOC CHON"
PPO,ppo_v4,23552,0.8032495346182069,25.786193965257137,12.391457352537447,-0.896815812587738,"reward chuan hoa, 4 town — MO HINH DUOC CHON"
PPO,ppo_v4,24576,0.8337712366401042,35.88987156110731,12.566648020778974,-0.8972694605588913,"reward chuan hoa, 4 town — MO HINH DUOC CHON"
PPO,ppo_v4,25600,0.6635973401012519,20.624405053313012,12.360330819996086,-0.8974894046783447,"reward chuan hoa, 4 town — MO HINH DUOC CHON"
PPO,ppo_v4,26624,0.8671404684737847,18.57778508114941,12.625658286846159,-0.898236694931984,"reward chuan hoa, 4 town — MO HINH DUOC CHON"
PPO,ppo_v4,27648,0.8387968161446295,21.408732122521354,12.465723920662386,-0.8988658532500267,"reward chuan hoa, 4 town — MO HINH DUOC CHON"
PPO,ppo_v4,28672,0.6800531683709021,29.652456935924015,12.455694571445646,-0.8996431708335877,"reward chuan hoa, 4 town — MO HINH DUOC CHON"
PPO,ppo_v4,29696,0.7825076488996875,44.521409931563724,12.541937941919242,-0.9006703928112983,"reward chuan hoa, 4 town — MO HINH DUOC CHON"
PPO,ppo_v4,30720,0.8260130313722289,34.21256321184037,12.660036037015397,-0.9009762704372406,"reward chuan hoa, 4 town — MO HINH DUOC CHON"
PPO,ppo_v4,31744,0.5635715413871856,40.72131018949446,12.550361986608449,-0.9010987430810928,"reward chuan hoa, 4 town — MO HINH DUOC CHON"
PPO,ppo_v4,32768,0.7732048721214505,57.939401550535464,12.540776179979886,-0.9014830216765404,"reward chuan hoa, 4 town — MO HINH DUOC CHON"
PPO,ppo_v4,33792,0.7712741727139856,50.850455209746166,12.633835462157192,-0.9014150232076645,"reward chuan hoa, 4 town — MO HINH DUOC CHON"
PPO,ppo_v4,34816,0.9101888196430235,65.33775556083434,12.533418765501379,-0.9013730078935623,"reward chuan hoa, 4 town — MO HINH DUOC CHON"
PPO,ppo_v4,35840,0.45389529778594695,90.48907391823647,12.070290374727561,-0.9016950383782387,"reward chuan hoa, 4 town — MO HINH DUOC CHON"
PPO,ppo_v4,36864,0.47033985984512205,85.31637897697485,12.757011356579957,-0.9021200105547905,"reward chuan hoa, 4 town — MO HINH DUOC CHON"
PPO,ppo_v4,37888,0.7427413121146769,64.37431214591885,12.523677719481048,-0.9024276018142701,"reward chuan hoa, 4 town — MO HINH DUOC CHON"
PPO,ppo_v4,38912,0.5747159176563985,72.48756430967236,12.966506871291115,-0.9023752182722091,"reward chuan hoa, 4 town — MO HINH DUOC CHON"
PPO,ppo_v4,39936,0.4463066732853972,73.20614337297387,12.573594757543342,-0.902402500808239,"reward chuan hoa, 4 town — MO HINH DUOC CHON"
PPO,ppo_v4,40960,0.3510627975821061,74.1914985878849,12.784765315941014,-0.9027760654687882,"reward chuan hoa, 4 town — MO HINH DUOC CHON"
PPO,ppo_v4,41984,0.5033480945312231,58.18239025761981,12.389582331768361,-0.9030212759971619,"reward chuan hoa, 4 town — MO HINH DUOC CHON"
PPO,ppo_v4,43008,0.04960489872395146,86.51320064132686,11.657999579635662,-0.9035923033952713,"reward chuan hoa, 4 town — MO HINH DUOC CHON"
PPO,ppo_v4,44032,0.4354819530447225,99.66632779473026,11.800786231789555,-0.9045077860355377,"reward chuan hoa, 4 town — MO HINH DUOC CHON"
PPO,ppo_v4,45056,0.43534682887467135,95.8689896191165,11.472963465895447,-0.9050135374069214,"reward chuan hoa, 4 town — MO HINH DUOC CHON"
PPO,ppo_v4,46080,0.5231741839623316,88.25609808680211,11.614623197242274,-0.9054065227508545,"reward chuan hoa, 4 town — MO HINH DUOC CHON"
PPO,ppo_v4,47104,0.5311572053956783,93.03780174218858,11.82016829108573,-0.9056705564260483,"reward chuan hoa, 4 town — MO HINH DUOC CHON"
PPO,ppo_v4,48128,0.04098620858824675,114.36386358658187,11.73264527223408,-0.9063678681850433,"reward chuan hoa, 4 town — MO HINH DUOC CHON"
PPO,ppo_v4,49152,0.5303171302365317,123.09928201567088,11.751212499064547,-0.9068595260381699,"reward chuan hoa, 4 town — MO HINH DUOC CHON"
PPO,ppo_v4,50176,0.1989183780076702,135.28552930569282,11.762978553894635,-0.9084699228405952,"reward chuan hoa, 4 town — MO HINH DUOC CHON"
PPO,ppo_v4,51200,0.39241258135381074,119.58584380979337,11.279406970013838,-0.9098810479044914,"reward chuan hoa, 4 town — MO HINH DUOC CHON"
PPO,ppo_v4,52224,0.32384170056495665,124.85870115103538,12.177338188367772,-0.9098835289478302,"reward chuan hoa, 4 town — MO HINH DUOC CHON"
PPO,ppo_v4,53248,0.357968094572382,149.17652676831182,12.452580555740896,-0.9098059818148613,"reward chuan hoa, 4 town — MO HINH DUOC CHON"
PPO,ppo_v4,54272,0.8001040006334936,168.17383560176705,12.459498947312271,-0.9096030697226525,"reward chuan hoa, 4 town — MO HINH DUOC CHON"
PPO,ppo_v4,55296,0.7917349011422462,147.05421845133512,12.461081876523124,-0.9098004147410392,"reward chuan hoa, 4 town — MO HINH DUOC CHON"
PPO,ppo_v4,56320,0.8570610261431384,115.9290215974041,12.260618475122852,-0.9103902876377106,"reward chuan hoa, 4 town — MO HINH DUOC CHON"
PPO,ppo_v4,57344,0.4597066750725126,95.57647531602125,12.433951680340499,-0.9114940896630287,"reward chuan hoa, 4 town — MO HINH DUOC CHON"
PPO,ppo_v4,58368,0.8450218559228557,100.40388188913244,12.406274707666947,-0.9116523429751396,"reward chuan hoa, 4 town — MO HINH DUOC CHON"
PPO,ppo_v4,59392,0.6759531926231158,79.13894789667768,12.236836726667235,-0.911194296181202,"reward chuan hoa, 4 town — MO HINH DUOC CHON"
PPO,ppo_v4,60416,0.7903328595511747,55.49695416676519,12.352997622223992,-0.9108259305357933,"reward chuan hoa, 4 town — MO HINH DUOC CHON"
PPO,ppo_v4,61440,-2.2702550181137955,76.58892100207345,12.479145383496487,-0.9109502509236336,"reward chuan hoa, 4 town — MO HINH DUOC CHON"
PPO,ppo_v4,62464,0.6770864441721163,96.2693751667055,12.40524349691244,-0.9115659609436989,"reward chuan hoa, 4 town — MO HINH DUOC CHON"
PPO,ppo_v4,63488,0.8510947616769527,109.06727066443791,12.285226528473377,-0.9115529954433441,"reward chuan hoa, 4 town — MO HINH DUOC CHON"
PPO,ppo_v4,64512,0.7105357828904932,103.83309606657785,12.332607932138266,-0.9123119100928306,"reward chuan hoa, 4 town — MO HINH DUOC CHON"
PPO,ppo_v4,65536,0.7426540771375871,100.83596773721953,12.494820598508907,-0.9135882139205933,"reward chuan hoa, 4 town — MO HINH DUOC CHON"
PPO,ppo_v4,66560,0.4208885463523834,121.52663828968873,12.319340715953102,-0.9135992065072059,"reward chuan hoa, 4 town — MO HINH DUOC CHON"
PPO,ppo_v4,67584,0.7303605454926441,99.6779814775031,12.482671721070203,-0.9135777726769447,"reward chuan hoa, 4 town — MO HINH DUOC CHON"
PPO,ppo_v4,68608,0.4617275658090825,87.60231707001294,12.101949912857267,-0.9141056329011917,"reward chuan hoa, 4 town — MO HINH DUOC CHON"
PPO,ppo_v4,69632,0.32792329513540897,65.2709553642938,12.682334929361971,-0.9155601933598518,"reward chuan hoa, 4 town — MO HINH DUOC CHON"
PPO,ppo_v4,70656,0.6328037950264389,75.81752113628382,12.784706899908844,-0.9168576702475548,"reward chuan hoa, 4 town — MO HINH DUOC CHON"
PPO,ppo_v4,71680,0.6155373690811052,77.70070410243582,12.726208586712989,-0.917892798781395,"reward chuan hoa, 4 town — MO HINH DUOC CHON"
PPO,ppo_v4,72704,0.7709015469255445,68.71560044445874,12.790516636724867,-0.9182174891233444,"reward chuan hoa, 4 town — MO HINH DUOC CHON"
PPO,ppo_v4,73728,0.773647298923748,84.29978025412645,12.803755564768434,-0.9187321171164513,"reward chuan hoa, 4 town — MO HINH DUOC CHON"
PPO,ppo_v4,74752,0.37471840792526356,74.02478431447568,12.808212701640713,-0.9187701106071472,"reward chuan hoa, 4 town — MO HINH DUOC CHON"
PPO,ppo_v4,75776,0.25008873735510506,54.082372686455,12.718867677999361,-0.9186973989009857,"reward chuan hoa, 4 town — MO HINH DUOC CHON"
PPO,ppo_v4,76800,0.4775917856855847,59.48615287409184,11.57019643406794,-0.9192109718918801,"reward chuan hoa, 4 town — MO HINH DUOC CHON"
PPO,ppo_v4,77824,0.2350520110678911,81.94277471593428,11.640973931787775,-0.9204000785946846,"reward chuan hoa, 4 town — MO HINH DUOC CHON"
PPO,ppo_v4,78848,-0.2760875799500371,110.06009524391177,11.7628223716738,-0.9215929493308067,"reward chuan hoa, 4 town — MO HINH DUOC CHON"
PPO,ppo_v4,79872,0.3203894264364585,138.48458605849777,11.89124935262106,-0.9230557397007942,"reward chuan hoa, 4 town — MO HINH DUOC CHON"
PPO,ppo_v4,80896,0.7354753497741601,150.51181282818632,11.700995991186455,-0.9234148412942886,"reward chuan hoa, 4 town — MO HINH DUOC CHON"
PPO,ppo_v4,81920,0.3453210255438198,148.553248680213,11.635297447361012,-0.9239626884460449,"reward chuan hoa, 4 town — MO HINH DUOC CHON"
PPO,ppo_v4,82944,0.634673360817049,184.2712292305391,11.82737575985857,-0.9243885248899459,"reward chuan hoa, 4 town — MO HINH DUOC CHON"
PPO,ppo_v4,83968,0.15374323173084936,221.09085429249458,11.794737716964788,-0.9244044169783592,"reward chuan hoa, 4 town — MO HINH DUOC CHON"
PPO,ppo_v4,84992,0.7133470292540673,255.5667364016736,11.811213872937602,-0.9248281881213188,"reward chuan hoa, 4 town — MO HINH DUOC CHON"
PPO,ppo_v4,86016,0.04935284298152409,275.75143267068006,11.756954144879911,-0.9257781982421875,"reward chuan hoa, 4 town — MO HINH DUOC CHON"
PPO,ppo_v4,87040,0.23147189316200012,261.5055631083478,11.625812333430718,-0.9259970471262932,"reward chuan hoa, 4 town — MO HINH DUOC CHON"
PPO,ppo_v4,88064,0.500492092411833,251.0453176383009,12.346269118641544,-0.9262658134102821,"reward chuan hoa, 4 town — MO HINH DUOC CHON"
PPO,ppo_v4,89088,0.5454572902475178,234.32297028314184,12.292397029862942,-0.9268813699483871,"reward chuan hoa, 4 town — MO HINH DUOC CHON"
PPO,ppo_v4,90112,0.1951716249659523,248.53672925824918,12.36242878287315,-0.9271872118115425,"reward chuan hoa, 4 town — MO HINH DUOC CHON"
PPO,ppo_v4,91136,0.5972658644108018,231.4489946074047,12.314094169826362,-0.9276098102331162,"reward chuan hoa, 4 town — MO HINH DUOC CHON"
PPO,ppo_v4,92160,0.6217006685970903,200.39521235242663,12.311754304221362,-0.9278592258691788,"reward chuan hoa, 4 town — MO HINH DUOC CHON"
PPO,ppo_v4,93184,0.8796470570928665,188.80957420103104,12.39899719033986,-0.9281367614865303,"reward chuan hoa, 4 town — MO HINH DUOC CHON"
PPO,ppo_v4,94208,0.47654215020186763,187.40761462658298,12.351161109145359,-0.9296694278717041,"reward chuan hoa, 4 town — MO HINH DUOC CHON"
PPO,ppo_v4,95232,0.6889822503713372,219.63175677561054,12.441130183233723,-0.9317253068089485,"reward chuan hoa, 4 town — MO HINH DUOC CHON"
PPO,ppo_v4,96256,0.41756210376368985,232.26372883656526,12.325870027730204,-0.9314548686146736,"reward chuan hoa, 4 town — MO HINH DUOC CHON"
PPO,ppo_v4,97280,0.4152179529317013,238.099806950555,12.113955570078248,-0.9313150405883789,"reward chuan hoa, 4 town — MO HINH DUOC CHON"
PPO,ppo_v4,98304,0.6531382215473619,228.57279167965007,11.655356690077106,-0.9313919961452484,"reward chuan hoa, 4 town — MO HINH DUOC CHON"
PPO,ppo_v4,99328,0.7479053014276675,234.89326612314812,11.968841404710485,-0.9315115928649902,"reward chuan hoa, 4 town — MO HINH DUOC CHON"
PPO,ppo_v4,100352,0.642597375019104,251.11261398354446,12.00559878304398,-0.9318197816610336,"reward chuan hoa, 4 town — MO HINH DUOC CHON"
PPO,ppo_v4,101376,0.6506099811990328,267.63353987840145,12.335814752345748,-0.9324350669980049,"reward chuan hoa, 4 town — MO HINH DUOC CHON"
PPO,ppo_v4,102400,0.7238386927640879,242.04177183072247,12.384700682991598,-0.9326520159840583,"reward chuan hoa, 4 town — MO HINH DUOC CHON"
PPO,ppo_v4,103424,0.33310329300812513,233.81468373849674,12.474465151927058,-0.9326268568634987,"reward chuan hoa, 4 town — MO HINH DUOC CHON"
PPO,ppo_v4,104448,0.08129414025785575,223.03879537778522,12.490390893176478,-0.933117538690567,"reward chuan hoa, 4 town — MO HINH DUOC CHON"
PPO,ppo_v4,105472,0.8502067554654884,208.4818476944459,12.625772045014985,-0.9333751901984215,"reward chuan hoa, 4 town — MO HINH DUOC CHON"
PPO,ppo_v4,106496,0.6126627651668326,222.00655410931208,12.467326490794457,-0.933928145468235,"reward chuan hoa, 4 town — MO HINH DUOC CHON"
PPO,ppo_v4,107520,0.5787274261908093,218.33578209247838,12.342751561503592,-0.9342995986342431,"reward chuan hoa, 4 town — MO HINH DUOC CHON"
PPO,ppo_v4,108544,0.679077066358735,203.13900604178116,12.204526195103655,-0.9346118584275246,"reward chuan hoa, 4 town — MO HINH DUOC CHON"
PPO,ppo_v4,109568,0.7004376873538785,185.68091701093218,12.721835612715608,-0.9352276518940925,"reward chuan hoa, 4 town — MO HINH DUOC CHON"
PPO,ppo_v4,110592,0.6386152165738191,144.88555483235078,12.63636167503131,-0.9354580029845238,"reward chuan hoa, 4 town — MO HINH DUOC CHON"
PPO,ppo_v4,111616,0.530024938314656,124.14995124906304,12.836386482887425,-0.9355393409729004,"reward chuan hoa, 4 town — MO HINH DUOC CHON"
PPO,ppo_v4,112640,0.7170115277018658,97.4146036205909,12.809264245797499,-0.9356253758072853,"reward chuan hoa, 4 town — MO HINH DUOC CHON"
PPO,ppo_v4,113664,0.6677675124315459,77.98692773981443,12.79210448263058,-0.9359527006745338,"reward chuan hoa, 4 town — MO HINH DUOC CHON"
PPO,ppo_v4,114688,0.4343008387474465,86.75468714829185,12.699279741633596,-0.9362452104687691,"reward chuan hoa, 4 town — MO HINH DUOC CHON"
PPO,ppo_v4,115712,0.4378810689611339,109.41181422528567,11.689993491876582,-0.9362518414855003,"reward chuan hoa, 4 town — MO HINH DUOC CHON"
PPO,ppo_v4,116736,0.16671701190483024,123.81150292172586,12.0199973979516,-0.9370165720582009,"reward chuan hoa, 4 town — MO HINH DUOC CHON"
PPO,ppo_v4,117760,0.09089604616621472,154.81241346199388,11.831381198878661,-0.9379185289144516,"reward chuan hoa, 4 town — MO HINH DUOC CHON"
PPO,ppo_v4,118784,0.2352466264105464,185.13432288933305,11.509536935217328,-0.9378816172480583,"reward chuan hoa, 4 town — MO HINH DUOC CHON"
PPO,ppo_v4,119808,-0.052471556325498714,197.68409553167643,12.015066028409937,-0.9375001057982445,"reward chuan hoa, 4 town — MO HINH DUOC CHON"
PPO,ppo_v4,120832,0.26853722428695037,226.57884511020907,11.905071293251533,-0.9369793996214867,"reward chuan hoa, 4 town — MO HINH DUOC CHON"
PPO,ppo_v4,121856,0.2895173732588714,241.9078499921794,11.971582140860136,-0.9368755236268044,"reward chuan hoa, 4 town — MO HINH DUOC CHON"
PPO,ppo_v4,122880,0.7724410257060124,247.82589024388022,11.546254248852293,-0.936657939851284,"reward chuan hoa, 4 town — MO HINH DUOC CHON"
PPO,ppo_v4,123904,0.8425088639536094,249.54391111993883,11.803815476228658,-0.9369333922863007,"reward chuan hoa, 4 town — MO HINH DUOC CHON"
PPO,ppo_v4,124928,0.6007943610161114,230.402692933979,11.415401388250425,-0.9367337420582771,"reward chuan hoa, 4 town — MO HINH DUOC CHON"
PPO,ppo_v4,125952,0.6517332483307241,220.98956871093483,12.488278000128972,-0.9364225536584854,"reward chuan hoa, 4 town — MO HINH DUOC CHON"
PPO,ppo_v4,126976,0.2634052593190348,222.70503274768447,12.412606481322316,-0.936991436779499,"reward chuan hoa, 4 town — MO HINH DUOC CHON"
PPO,ppo_v4,128000,0.5760440925741124,237.02923620947362,12.473295606288099,-0.9391939133405686,"reward chuan hoa, 4 town — MO HINH DUOC CHON"
PPO,ppo_v4,129024,0.5028048581450362,236.86757958608595,12.375750540958403,-0.9409563779830933,"reward chuan hoa, 4 town — MO HINH DUOC CHON"
PPO,ppo_v4,130048,0.3927547206545414,261.5708972598618,12.58158604335681,-0.9426547333598136,"reward chuan hoa, 4 town — MO HINH DUOC CHON"
PPO,ppo_v4,131072,0.26929892780843445,241.94325241140865,12.563531905469699,-0.9438075825572014,"reward chuan hoa, 4 town — MO HINH DUOC CHON"
PPO,ppo_v4,132096,0.26536282083642204,272.9940790228303,12.55848488840188,-0.9431676149368287,"reward chuan hoa, 4 town — MO HINH DUOC CHON"
PPO,ppo_v4,133120,0.4761459252165309,294.85166719738254,12.641798819872177,-0.9438381761312484,"reward chuan hoa, 4 town — MO HINH DUOC CHON"
PPO,ppo_v4,134144,0.7051097210228331,289.8319092722225,12.63322954877299,-0.9438373535871506,"reward chuan hoa, 4 town — MO HINH DUOC CHON"
PPO,ppo_v4,135168,0.5276308088639443,301.84561839760397,12.661306146219484,-0.9439496368169784,"reward chuan hoa, 4 town — MO HINH DUOC CHON"
PPO,ppo_v4,136192,0.6496372103639309,302.49521161906006,12.323292915905286,-0.945214657485485,"reward chuan hoa, 4 town — MO HINH DUOC CHON"
PPO,ppo_v4,137216,0.6875831150558476,296.67724013901596,12.813885553134437,-0.9467904984951019,"reward chuan hoa, 4 town — MO HINH DUOC CHON"
PPO,ppo_v4,138240,0.5261900489939315,295.8761013523766,12.787007639183255,-0.9471017450094223,"reward chuan hoa, 4 town — MO HINH DUOC CHON"
PPO,ppo_v4,139264,0.7629305452026461,293.6183737197508,12.789146250423348,-0.9481659576296806,"reward chuan hoa, 4 town — MO HINH DUOC CHON"
PPO,ppo_v4,140288,0.3878363741777746,299.15148744900625,12.857349462401837,-0.949019156396389,"reward chuan hoa, 4 town — MO HINH DUOC CHON"
PPO,ppo_v4,141312,-0.8010221594504681,299.53857959939313,12.75413689816322,-0.9489959433674813,"reward chuan hoa, 4 town — MO HINH DUOC CHON"
PPO,ppo_v4,142336,0.2320130142811896,300.232979545489,12.837286991285042,-0.9497017994523048,"reward chuan hoa, 4 town — MO HINH DUOC CHON"
PPO,ppo_v4,143360,0.2496505771663119,313.6465373162163,12.764524330851643,-0.9510434776544571,"reward chuan hoa, 4 town — MO HINH DUOC CHON"
PPO,ppo_v4,144384,0.5036638531204372,319.6466382165669,12.775876657659937,-0.9521188095211983,"reward chuan hoa, 4 town — MO HINH DUOC CHON"
PPO,ppo_v4,145408,-1.6560381511120554,318.0061412994936,12.774211797098515,-0.9526365280151368,"reward chuan hoa, 4 town — MO HINH DUOC CHON"
PPO,ppo_v4,146432,0.7500060686301019,302.231029773818,12.723840562232255,-0.9533293694257736,"reward chuan hoa, 4 town — MO HINH DUOC CHON"
PPO,ppo_v4,147456,-0.4846273830636625,302.24346415643214,12.775843252827398,-0.9531125769019126,"reward chuan hoa, 4 town — MO HINH DUOC CHON"
PPO,ppo_v4,148480,0.37383112253756634,231.5219819198221,12.482317212807951,-0.9537227183580399,"reward chuan hoa, 4 town — MO HINH DUOC CHON"
PPO,ppo_v4,149504,-0.08660170681498314,206.87830855517768,12.85996216471514,-0.954413004219532,"reward chuan hoa, 4 town — MO HINH DUOC CHON"
PPO,ppo_v4,150528,-0.2815019571638553,199.34850758020917,12.934409153904346,-0.9543716326355934,"reward chuan hoa, 4 town — MO HINH DUOC CHON"
PPO,ppo_v4,151552,0.6789215310302098,161.49158416700217,13.021132926075882,-0.9540884375572205,"reward chuan hoa, 4 town — MO HINH DUOC CHON"
PPO,ppo_v4,152576,0.46555516971654354,145.19222097462094,12.970574425786184,-0.953547827899456,"reward chuan hoa, 4 town — MO HINH DUOC CHON"
PPO,ppo_v4,153600,0.21947753582399054,116.92824904224494,13.142857662193041,-0.9532399639487267,"reward chuan hoa, 4 town — MO HINH DUOC CHON"
PPO,ppo_v4,154624,0.3705441865274145,127.8797441171973,12.546915841918793,-0.9529024228453636,"reward chuan hoa, 4 town — MO HINH DUOC CHON"
PPO,ppo_v4,155648,0.05615399663309728,141.06262218538774,12.146165632472883,-0.9529194250702858,"reward chuan hoa, 4 town — MO HINH DUOC CHON"
PPO,ppo_v4,156672,0.8795947673646021,146.10303446033396,11.888691218631353,-0.9540207967162132,"reward chuan hoa, 4 town — MO HINH DUOC CHON"
PPO,ppo_v4,157696,0.6515771268750723,168.80967813157253,12.210741212106424,-0.95660952180624,"reward chuan hoa, 4 town — MO HINH DUOC CHON"
PPO,ppo_v4,158720,0.8709091769650057,191.36414105705086,11.953944017046794,-0.9585588037967682,"reward chuan hoa, 4 town — MO HINH DUOC CHON"
PPO,ppo_v4,159744,0.8759139731322337,191.29086315950354,11.735815902922734,-0.959745979309082,"reward chuan hoa, 4 town — MO HINH DUOC CHON"
PPO,ppo_v4,160768,0.6881146643355543,200.59428680594925,12.026078953789133,-0.9600967600941658,"reward chuan hoa, 4 town — MO HINH DUOC CHON"
PPO,ppo_v4,161792,0.47442857875746025,216.01251361981204,11.814560037412086,-0.9610853746533394,"reward chuan hoa, 4 town — MO HINH DUOC CHON"
PPO,ppo_v4,162816,0.8329273698815897,238.88637719949142,11.908503049786695,-0.9620983496308326,"reward chuan hoa, 4 town — MO HINH DUOC CHON"
PPO,ppo_v4,163840,0.2591017138250198,233.56304395433472,12.025762027173082,-0.9628719925880432,"reward chuan hoa, 4 town — MO HINH DUOC CHON"
PPO,ppo_v4,164864,0.33338204705709573,233.47537195650202,12.050075501101507,-0.9632656618952751,"reward chuan hoa, 4 town — MO HINH DUOC CHON"
PPO,ppo_v4,165888,-0.8751928254300381,236.9770105853704,12.606033681676553,-0.9638634726405144,"reward chuan hoa, 4 town — MO HINH DUOC CHON"
PPO,ppo_v4,166912,0.45029807176276504,234.67899019502883,12.634208738191226,-0.9650777831673623,"reward chuan hoa, 4 town — MO HINH DUOC CHON"
PPO,ppo_v4,167936,0.6137267084818543,270.0898122660306,12.580990032622301,-0.9655686482787132,"reward chuan hoa, 4 town — MO HINH DUOC CHON"
PPO,ppo_v4,168960,0.7406560389238757,274.6060234075061,12.515271029990375,-0.965435053408146,"reward chuan hoa, 4 town — MO HINH DUOC CHON"
PPO,ppo_v4,169984,-0.3482635460492951,275.66602132532614,12.309487297036862,-0.9660543709993362,"reward chuan hoa, 4 town — MO HINH DUOC CHON"
PPO,ppo_v4,171008,0.2238234404917867,275.3519552470868,12.344436273071173,-0.967715272307396,"reward chuan hoa, 4 town — MO HINH DUOC CHON"
PPO,ppo_v4,172032,0.1544930156836336,293.79457127420994,12.443960705329296,-0.9689165651798248,"reward chuan hoa, 4 town — MO HINH DUOC CHON"
PPO,ppo_v4,173056,0.5060113294619898,313.73732964795414,12.471348082066719,-0.9696068376302719,"reward chuan hoa, 4 town — MO HINH DUOC CHON"
PPO,ppo_v4,174080,0.3891709213927963,313.320430343855,12.426725439227763,-0.9709686264395714,"reward chuan hoa, 4 town — MO HINH DUOC CHON"
PPO,ppo_v4,175104,0.42285291105189626,313.779099965294,12.437489003995951,-0.9718495339155198,"reward chuan hoa, 4 town — MO HINH DUOC CHON"
PPO,ppo_v4,176128,0.6154201331436935,336.1285749556584,12.441121209796236,-0.9730278983712196,"reward chuan hoa, 4 town — MO HINH DUOC CHON"
PPO,ppo_v4,177152,0.5808330222156035,352.7170547226557,12.786278914908872,-0.9743179172277451,"reward chuan hoa, 4 town — MO HINH DUOC CHON"
PPO,ppo_v4,178176,0.6409467235566038,350.5907104123531,12.619627252685993,-0.9752462074160576,"reward chuan hoa, 4 town — MO HINH DUOC CHON"
PPO,ppo_v4,179200,0.42889386991781697,372.7518332225519,12.516140322580373,-0.9763174504041672,"reward chuan hoa, 4 town — MO HINH DUOC CHON"
PPO,ppo_v4,180224,0.06697323020137891,362.97185987091774,12.783440601999333,-0.9764877423644066,"reward chuan hoa, 4 town — MO HINH DUOC CHON"
PPO,ppo_v4,181248,0.4898025181430651,358.0387449950908,12.746031806609833,-0.9764124423265457,"reward chuan hoa, 4 town — MO HINH DUOC CHON"
PPO,ppo_v4,182272,0.6563741136529322,357.19491231973353,12.785482373414284,-0.976395970582962,"reward chuan hoa, 4 town — MO HINH DUOC CHON"
PPO,ppo_v4,183296,0.6542833697770869,357.7781587478715,12.783408603429864,-0.9775101646780968,"reward chuan hoa, 4 town — MO HINH DUOC CHON"
PPO,ppo_v4,184320,0.6229255286237366,355.6702455600928,12.749794180538782,-0.9792958050966263,"reward chuan hoa, 4 town — MO HINH DUOC CHON"
PPO,ppo_v4,185344,0.652826004921379,344.8227178341295,12.762151393720298,-0.9794310182332993,"reward chuan hoa, 4 town — MO HINH DUOC CHON"
PPO,ppo_v4,186368,0.6467196174904957,345.838920425656,12.625275829470256,-0.9793639346957207,"reward chuan hoa, 4 town — MO HINH DUOC CHON"
PPO,ppo_v4,187392,0.40627556956407695,327.357293366792,12.751801668124124,-0.9795119732618331,"reward chuan hoa, 4 town — MO HINH DUOC CHON"
PPO,ppo_v4,188416,0.0455347976424999,281.2581341212404,10.68803601328682,-0.9795959413051605,"reward chuan hoa, 4 town — MO HINH DUOC CHON"
PPO,ppo_v4,189440,0.3625714774361426,242.23099607889776,13.02905204958454,-0.9792421102523804,"reward chuan hoa, 4 town — MO HINH DUOC CHON"
PPO,ppo_v4,190464,0.42120505415130294,167.99545222606216,12.907496046790033,-0.9783595576882362,"reward chuan hoa, 4 town — MO HINH DUOC CHON"
PPO,ppo_v4,191488,0.6205629725208508,124.89540603385667,12.95998128872235,-0.9782241120934486,"reward chuan hoa, 4 town — MO HINH DUOC CHON"
PPO,ppo_v4,192512,0.37262548176544796,72.03871150453266,12.746088394520099,-0.9780782282352447,"reward chuan hoa, 4 town — MO HINH DUOC CHON"
PPO,ppo_v4,193536,0.25316216779511447,90.72626042896641,11.530357680351745,-0.9778829053044319,"reward chuan hoa, 4 town — MO HINH DUOC CHON"
PPO,ppo_v4,194560,0.7216965476918438,84.7079852690135,11.50564624132093,-0.9782255798578262,"reward chuan hoa, 4 town — MO HINH DUOC CHON"
PPO,ppo_v4,195584,0.7844723636900364,104.9324710663565,11.828377467984964,-0.9786387339234353,"reward chuan hoa, 4 town — MO HINH DUOC CHON"
PPO,ppo_v4,196608,0.6154320507564919,120.46078490609307,11.694308353938935,-0.9785830765962601,"reward chuan hoa, 4 town — MO HINH DUOC CHON"
PPO,ppo_v4,197632,0.6583021365331007,120.56107610489248,11.915437292582077,-0.9783805191516877,"reward chuan hoa, 4 town — MO HINH DUOC CHON"
PPO,ppo_v4,198656,0.6235133360114815,160.58031545655933,11.599561914024392,-0.9793873995542526,"reward chuan hoa, 4 town — MO HINH DUOC CHON"
PPO,ppo_v5,199680,0.004448891800068466,228.73221996255157,15.003717565256983,-0.9802109003067017,them junction_off_lane_factor
PPO,ppo_v5,200704,0.20131862452491311,312.4032583738756,15.985676843587063,-0.9802109003067017,them junction_off_lane_factor
PPO,ppo_v5,201728,0.7623805875410783,339.4423657559372,16.032609029664023,-0.9802109003067017,them junction_off_lane_factor
PPO,ppo_v5,202752,0.4793338920482417,340.3665723605463,16.113167867709578,-0.9802109003067017,them junction_off_lane_factor
PPO,ppo_v5,203776,0.5291967881641975,350.61858809845324,16.280472765330693,-0.9802109003067017,them junction_off_lane_factor
PPO,ppo_v5,204800,0.486933824795013,356.3747484643416,12.362610581263432,-0.9807082384824752,them junction_off_lane_factor
PPO,ppo_v5,205824,0.5728871298486276,361.3918163420076,11.796156491272203,-0.9820477038621902,them junction_off_lane_factor
PPO,ppo_v5,206848,0.582561826624858,364.65659045892505,11.702494813514257,-0.9839456841349602,them junction_off_lane_factor
PPO,ppo_v5,207872,0.6537313787115315,368.37356840504907,12.03355669269563,-0.9848535567522049,them junction_off_lane_factor
PPO,ppo_v5,208896,0.7082580058373373,370.92478230646094,12.443315186080607,-0.9855155915021896,them junction_off_lane_factor
PPO,ppo_v5,209920,0.7207015602284126,386.35326285447394,12.468930088412066,-0.9865625634789467,them junction_off_lane_factor
PPO,ppo_v5,210944,0.1986354501722879,314.69335048284614,12.751428339335115,-0.9866901304986742,them junction_off_lane_factor
PPO,ppo_v5,211968,-0.9208560747331929,313.03316366038746,12.399281224216715,-0.9866697445511818,them junction_off_lane_factor
PPO,ppo_v5,212992,0.5091302238642146,313.0231322816566,12.457807907023055,-0.9877616852521897,them junction_off_lane_factor
PPO,ppo_v5,214016,0.6793184620580959,310.6451602048544,12.231493696693082,-0.9885526940226554,them junction_off_lane_factor
PPO,ppo_v5,215040,0.4720270647954512,309.8766716156114,11.948248484154927,-0.989786259829998,them junction_off_lane_factor
PPO,ppo_v5,216064,0.5585804109326475,307.43637920552635,12.496366776621759,-0.9917026802897453,them junction_off_lane_factor
PPO,ppo_v5,217088,-0.0030821408826291474,307.4038162123604,12.613286925873204,-0.9932840198278428,them junction_off_lane_factor
PPO,ppo_v5,218112,0.5517348647255629,305.45809321949133,12.735864697887644,-0.9944527953863144,them junction_off_lane_factor
PPO,ppo_v5,219136,0.49316959275783434,315.1964887214757,12.784441161270443,-0.9954050660133362,them junction_off_lane_factor
PPO,ppo_v5,220160,0.4000256702750634,348.0286200760672,12.792485912364942,-0.9955105975270271,them junction_off_lane_factor
PPO,ppo_v5,221184,-0.08407541211940939,348.03484050254576,12.631691781950211,-0.9957149446010589,them junction_off_lane_factor
PPO,ppo_v5,222208,0.6408443808947476,337.720837631558,11.777521393002202,-0.9965358570218086,them junction_off_lane_factor
PPO,ppo_v5,223232,0.11095294534991618,256.3516034839787,12.887169321006185,-0.9968562319874763,them junction_off_lane_factor
PPO,ppo_v5,224256,0.5372300618491718,152.5750949433395,12.883164181048931,-0.997308999300003,them junction_off_lane_factor
PPO,ppo_v5,225280,0.541497659958281,137.4757904573078,13.0292826788016,-0.9979947060346603,them junction_off_lane_factor
PPO,ppo_v5,226304,0.7544637465328927,94.05743374836624,13.128083901706516,-0.9981105148792266,them junction_off_lane_factor
PPO,ppo_v5,227328,0.49879274819487873,108.63416397677388,12.438262621715952,-0.9982813015580178,them junction_off_lane_factor
PPO,ppo_v5,228352,0.22565949907326222,115.6887992318643,11.91782327733046,-0.9983891814947128,them junction_off_lane_factor
PPO,ppo_v5,229376,0.678659118971269,143.12062243972946,11.658332228429895,-0.9986131578683853,them junction_off_lane_factor
PPO,ppo_v5,230400,0.8232653151881264,152.0263306380353,11.938356794004504,-1.0001182094216348,them junction_off_lane_factor
PPO,ppo_v5,231424,0.7909384379391586,178.50008933097862,12.1280251538343,-1.0014874160289764,them junction_off_lane_factor
PPO,ppo_v5,232448,0.6415300646297816,212.88492255302413,12.011535065594458,-1.0029972404241563,them junction_off_lane_factor
PPO,ppo_v5,233472,0.7053926279197412,218.8865131613955,11.74484821641076,-1.00473602861166,them junction_off_lane_factor
PPO,ppo_v5,234496,0.6071339471484498,246.27314075179783,11.655193294765901,-1.0054022401571274,them junction_off_lane_factor
PPO,ppo_v5,235520,0.4517485403730781,270.0901823726209,12.006306548527066,-1.0058050572872161,them junction_off_lane_factor
PPO,ppo_v5,236544,0.8256778655236927,287.9888646048992,11.936956591795346,-1.0065169721841811,them junction_off_lane_factor
PPO,ppo_v5,237568,0.8982481442265923,299.8062816943736,11.671247059580827,-1.0074367091059684,them junction_off_lane_factor
PPO,ppo_v5,238592,0.5869634200425136,297.99846703477186,11.497805515342005,-1.008491003513336,them junction_off_lane_factor
PPO,ppo_v5,239616,0.31595619309268064,299.160894246141,12.366868946704484,-1.00885920971632,them junction_off_lane_factor
PPO,ppo_v5,240640,0.5006289436457545,297.66855239393806,12.365815437662002,-1.0091712549328804,them junction_off_lane_factor
PPO,ppo_v5,241664,0.24833866119406955,298.95586762678386,12.498106889041274,-1.0102708891034127,them junction_off_lane_factor
PPO,ppo_v5,242688,0.712911798643961,320.1837628507779,12.358681098788749,-1.0118435367941856,them junction_off_lane_factor
PPO,ppo_v5,243712,0.8509762471289729,317.7222048101445,12.35163945651671,-1.0120476260781288,them junction_off_lane_factor
PPO,ppo_v5,244736,-0.0501779229151329,325.00455703737646,12.536980494732575,-1.0129923403263092,them junction_off_lane_factor
PPO,ppo_v5,245760,0.1398619385745904,330.0127458894179,12.446708002513182,-1.01535424888134,them junction_off_lane_factor
PPO,ppo_v5,246784,0.4706710088270394,332.34739411155255,12.431803969075398,-1.017976339161396,them junction_off_lane_factor
PPO,ppo_v5,247808,0.5522626632065615,348.5629429315396,12.485210134198107,-1.0203040421009064,them junction_off_lane_factor
PPO,ppo_v5,248832,0.6637550643977622,358.63763494897086,12.468160939863688,-1.0210055887699128,them junction_off_lane_factor
PPO,ppo_v5,249856,0.27889991714832363,376.64067134669847,12.400754400080297,-1.0220023900270463,them junction_off_lane_factor
PPO,ppo_v5,250880,0.412238438445683,320.5443047017358,12.333754890597197,-1.0229332581162454,them junction_off_lane_factor
PPO,ppo_v5,251904,-0.05786338953485548,322.51183882271624,12.713097131504144,-1.0233957692980766,them junction_off_lane_factor
PPO,ppo_v5,252928,-0.587157539101131,329.52483369285903,12.597130026366479,-1.0241311982274055,them junction_off_lane_factor
PPO,ppo_v5,253952,0.6304481266372068,325.1256384544387,12.796041073167537,-1.0242899507284164,them junction_off_lane_factor
PPO,ppo_v5,254976,0.39146332452722343,324.4358145903664,12.77766758719926,-1.0247905418276786,them junction_off_lane_factor
PPO,ppo_v5,256000,0.7646305556651997,322.89973150371355,12.801639766923136,-1.0254202678799629,them junction_off_lane_factor
PPO,ppo_v5,257024,0.5703616346420537,322.2461903855223,12.844414712961735,-1.026205024123192,them junction_off_lane_factor
PPO,ppo_v5,258048,0.33908657294188715,322.06107738106886,12.712849902287463,-1.0278474539518356,them junction_off_lane_factor
PPO,ppo_v5,259072,0.26365525625502517,321.63492645253024,12.87373909457857,-1.028870478272438,them junction_off_lane_factor
PPO,ppo_v5,260096,0.1483677023946558,340.39265862948497,12.8444963777422,-1.0302995562553405,them junction_off_lane_factor
SAC,sac_a,1000,nan,-23.236726395991102,27.455361041155417,nan,bc_coef 2.5
SAC,sac_a,2000,-0.019739151000976562,-11.39726219773279,28.518275245078247,-2.8151779174804688,bc_coef 2.5
SAC,sac_a,3000,0.8727905750274658,-9.382484944323522,10.47075823056033,-2.249666213989258,bc_coef 2.5
SAC,sac_a,4000,0.8421659469604492,1.9945789325055563,10.47088001565016,-2.084695339202881,bc_coef 2.5
SAC,sac_a,5000,0.9811010360717773,-3.6079450080366406,10.378116694760317,-2.1786179542541504,bc_coef 2.5
SAC,sac_a,6000,0.9661087393760681,-12.495518744847912,10.166053822149252,-2.1687822341918945,bc_coef 2.5
SAC,sac_a,7000,0.9471216797828674,-15.293793872776371,10.530190480226315,-3.1722252368927,bc_coef 2.5
SAC,sac_a,8000,0.36056047677993774,-25.10734705806096,10.678327213364947,-2.229553699493408,bc_coef 2.5
SAC,sac_a,9000,0.9822296500205994,-29.766648294005915,10.701876284902317,-2.460625648498535,bc_coef 2.5
SAC,sac_a,10000,0.9755239486694336,-26.65967406171685,10.655639937218085,-2.4489760398864746,bc_coef 2.5
SAC,sac_a,11000,0.9845630526542664,-26.655250676675372,6.16833304984196,-2.065922975540161,bc_coef 2.5
SAC,sac_a,12000,0.9513571262359619,-5.020586267215862,6.579711822827283,-2.2726078033447266,bc_coef 2.5
SAC,sac_a,13000,0.9985631704330444,15.098509654665548,6.596821965214714,-1.9401497840881348,bc_coef 2.5
SAC,sac_a,14000,0.9810433387756348,31.128312182149404,6.586235072641732,-1.9239318370819092,bc_coef 2.5
SAC,sac_a,15000,0.9122117161750793,39.96586163094484,6.590224565486364,-1.0883305072784424,bc_coef 2.5
SAC,sac_a,16000,0.9772292375564575,51.55618693702864,6.598218078521379,-1.6233572959899902,bc_coef 2.5
SAC,sac_a,17000,0.9703911542892456,45.443239588049636,6.4235743099235725,-1.8978718519210815,bc_coef 2.5
SAC,sac_a,18000,0.9911448359489441,46.84532290407953,6.18497507025952,-1.6285514831542969,bc_coef 2.5
SAC,sac_a,19000,0.9653365612030029,22.07407820463864,6.134699062334162,-1.3478600978851318,bc_coef 2.5
SAC,sac_a,20000,0.9586336016654968,15.280959277477956,6.194947914093549,-1.5458810329437256,bc_coef 2.5
SAC,sac_a,21000,0.8852950930595398,-1.3732621737448725,6.1421440558023574,-1.578993797302246,bc_coef 2.5
SAC,sac_a,22000,0.9919862747192383,-2.8074613099451087,6.1288866473395505,-1.7700554132461548,bc_coef 2.5
SAC,sac_a,23000,0.9656074047088623,-12.251653042323284,6.119630603032023,-2.292827606201172,bc_coef 2.5
SAC,sac_a,24000,0.9755452871322632,-45.790533613141754,6.351141862307015,-2.3908751010894775,bc_coef 2.5
SAC,sac_a,25000,0.4528012275695801,-56.838112687199825,6.372511213735712,-1.9923559427261353,bc_coef 2.5
SAC,sac_a,26000,0.990529477596283,-70.31062187970005,6.3602995548260095,-2.2657344341278076,bc_coef 2.5
SAC,sac_a,27000,0.9911021590232849,-62.262077320593775,6.420594672667319,-2.891296625137329,bc_coef 2.5
SAC,sac_a,28000,0.988998532295227,-47.15025739934681,6.429285199841125,-1.5688153505325317,bc_coef 2.5
SAC,sac_a,29000,0.9914047718048096,-70.67838168402605,6.5506834719512,-1.4642528295516968,bc_coef 2.5
SAC,sac_a,31000,nan,-35.76455945659829,27.547093972523207,nan,bc_coef 2.5
SAC,sac_a,32000,0.9921355843544006,-8.323340899808542,28.243900416235356,-2.1246631145477295,bc_coef 2.5
SAC,sac_a,33000,0.9958335161209106,-7.552980844112395,6.4441846915736996,-2.3900132179260254,bc_coef 2.5
SAC,sac_a,34000,0.9749689102172852,8.494967887896566,6.4091201654776615,-1.4409599304199219,bc_coef 2.5
SAC,sac_a,35000,0.9897254705429077,5.286576436738995,6.412245406425065,-1.9751988649368286,bc_coef 2.5
SAC,sac_a,36000,0.953464925289154,5.037521719264156,6.38977726313144,-2.4830286502838135,bc_coef 2.5
SAC,sac_a,37000,0.9925017952919006,-15.43861981249589,6.42220448586429,-2.282073497772217,bc_coef 2.5
SAC,sac_a,38000,0.9904797673225403,-42.55944032995941,6.4555850439282185,-1.777925729751587,bc_coef 2.5
SAC,sac_a,39000,0.9775664210319519,-41.47145245940839,6.408170828486213,-1.9912335872650146,bc_coef 2.5
SAC,sac_a,40000,0.9938755631446838,-34.64855585141037,6.438461565254045,-2.132101058959961,bc_coef 2.5
SAC,sac_a,41000,0.9824559688568115,-24.226733319302706,6.309330503668817,-2.469393491744995,bc_coef 2.5
SAC,sac_a,42000,0.9546103477478027,-2.5638361352633674,6.430694230688464,-2.6175966262817383,bc_coef 2.5
SAC,sac_a,43000,0.9803446531295776,5.05943862624742,6.534401326512584,-2.884030342102051,bc_coef 2.5
SAC,sac_a,44000,0.9754577279090881,1.352380357379431,6.529260040784525,-2.6120448112487793,bc_coef 2.5
SAC,sac_a,45000,0.9764436483383179,11.268076047746666,6.418275750311068,-2.19952130317688,bc_coef 2.5
SAC,sac_a,46000,0.9725605249404907,24.367350118143385,6.570341774948998,-1.9588431119918823,bc_coef 2.5
SAC,sac_a,47000,0.975891649723053,13.323228248987842,6.232034470548405,-2.0187337398529053,bc_coef 2.5
SAC,sac_a,48000,0.9055282473564148,23.405897826352394,6.149849116089172,-2.3596277236938477,bc_coef 2.5
SAC,sac_a,49000,0.9838388562202454,27.854607019410462,6.134331855684674,-1.9333369731903076,bc_coef 2.5
SAC,sac_a,50000,0.9608588814735413,30.03364717124714,6.16857269003064,-1.986038327217102,bc_coef 2.5
SAC,sac_a,51000,0.9944034218788147,25.63475677101055,6.127657597029129,-2.6416099071502686,bc_coef 2.5
SAC,sac_a,52000,0.9758366942405701,13.171663976107093,6.111789080980028,-2.91458797454834,bc_coef 2.5
SAC,sac_a,53000,0.9940432906150818,-18.22003311998259,5.922330132729934,-2.609677791595459,bc_coef 2.5
SAC,sac_a,54000,0.9723974466323853,-24.088519625290893,6.3775514393287995,-2.794740915298462,bc_coef 2.5
SAC,sac_a,55000,0.9762044548988342,-26.27903359262661,6.310860662764742,-2.261380672454834,bc_coef 2.5
SAC,sac_a,56000,0.979243278503418,-26.466187841977376,6.1819118542954055,-2.170693874359131,bc_coef 2.5
SAC,sac_a,57000,0.9829269647598267,-16.98916154927141,6.382347573439945,-1.989478588104248,bc_coef 2.5
SAC,sac_a,58000,0.9845295548439026,-18.67662834889746,6.499349654244706,-2.8980236053466797,bc_coef 2.5
SAC,sac_a,59000,0.988897442817688,-23.37404711083856,6.455402455335832,-2.124213218688965,bc_coef 2.5
SAC,sac_a,60000,0.9866875410079956,-35.200822491366885,6.500713526365176,-1.778120756149292,bc_coef 2.5
SAC,sac_b,11000,nan,-44.46723412852691,28.451443658574185,nan,bc_coef 1.0
SAC,sac_b,12000,0.9942258596420288,-39.58693525493458,29.698634100629807,-2.453242301940918,bc_coef 1.0
SAC,sac_b,13000,0.19601619243621826,-24.5761381238421,6.4544843831303975,-2.9393763542175293,bc_coef 1.0
SAC,sac_b,14000,0.9867125153541565,-13.36927716891987,6.437258096676075,-2.4266772270202637,bc_coef 1.0
SAC,sac_b,15000,0.9835699200630188,-12.89819257838872,6.460562658603577,-1.9259511232376099,bc_coef 1.0
SAC,sac_b,16000,0.9846543669700623,-5.911203621076944,6.373350620546056,-2.525242805480957,bc_coef 1.0
SAC,sac_b,17000,0.9767277240753174,-12.569005292353733,6.557829195281077,-2.665909767150879,bc_coef 1.0
SAC,sac_b,18000,0.9953870177268982,-15.174408852996677,6.555506279768285,-2.673272132873535,bc_coef 1.0
SAC,sac_b,19000,0.9933678507804871,-25.38584407669311,6.520225573380096,-2.382882595062256,bc_coef 1.0
SAC,sac_b,20000,0.993948757648468,-15.973086081108189,6.5395349215610565,-1.8212167024612427,bc_coef 1.0
SAC,sac_b,21000,0.9934259057044983,-17.87421225644016,6.128548182438256,-1.963151216506958,bc_coef 1.0
SAC,sac_b,22000,0.9771208763122559,-4.7482017770078055,6.607044777498468,-2.4745469093322754,bc_coef 1.0
SAC,sac_b,23000,0.9386315941810608,20.7569549701849,6.664570026894977,-1.926156759262085,bc_coef 1.0
SAC,sac_b,24000,0.4737880825996399,19.102239462988074,6.594040384208551,-1.8096433877944946,bc_coef 1.0
SAC,sac_b,25000,0.9800989627838135,36.16822741513278,6.628206868669128,-2.1743240356445312,bc_coef 1.0
SAC,sac_b,26000,0.9911978244781494,50.58080921084677,6.658792270899536,-2.1527504920959473,bc_coef 1.0
SAC,sac_b,27000,0.991390585899353,53.92206998489652,6.641828429917342,-1.322582721710205,bc_coef 1.0
SAC,sac_b,28000,0.9929472208023071,54.00703672876947,6.247361764566072,-2.7709546089172363,bc_coef 1.0
SAC,sac_b,29000,0.9876734018325806,52.379275086126725,6.1819356442851685,-2.4463162422180176,bc_coef 1.0
SAC,sac_b,30000,0.9887112379074097,52.74002556687351,6.274235094387963,-1.703951358795166,bc_coef 1.0
SAC,sac_b,31000,0.9963975548744202,47.64562125589476,6.209273581739491,-1.9830169677734375,bc_coef 1.0
SAC,sac_b,32000,0.9691460132598877,31.355421863782635,6.175890616454423,-2.3079357147216797,bc_coef 1.0
SAC,sac_b,33000,0.9889989495277405,13.675234783834464,6.158327951378095,-1.7492692470550537,bc_coef 1.0
SAC,sac_b,34000,0.9847087860107422,5.659121941070893,6.230381115939768,-2.655972957611084,bc_coef 1.0
SAC,sac_b,35000,0.9464201927185059,-15.707138156087101,6.405428810078187,-2.181952476501465,bc_coef 1.0
SAC,sac_b,36000,0.9813241958618164,-32.23752399085471,6.441791485952686,-1.8106536865234375,bc_coef 1.0
SAC,sac_b,37000,0.9750968217849731,-39.23050399497386,6.461777445834313,-1.8769795894622803,bc_coef 1.0
SAC,sac_b,38000,0.9625327587127686,-32.20873813123849,6.40991619982813,-1.749282956123352,bc_coef 1.0
SAC,sac_b,39000,0.9442405700683594,-31.052240582178865,6.426037965393823,-2.771308660507202,bc_coef 1.0
SAC,sac_b,40000,0.9951656460762024,-10.90530817356785,6.422418371726802,-2.388279676437378,bc_coef 1.0
SAC,sac_b,41000,0.9930609464645386,-43.3303003700488,6.292018031364643,-2.4136252403259277,bc_coef 1.0
SAC,sac_b,42000,0.9498637318611145,-44.686980363524086,6.518683942641697,-2.391479969024658,bc_coef 1.0
SAC,sac_b,43000,0.9680489301681519,-54.47303455931575,6.446951367444223,-2.3262922763824463,bc_coef 1.0
SAC,sac_b,44000,0.952069103717804,-51.783568126236176,6.635920312670509,-1.9103384017944336,bc_coef 1.0
SAC,sac_b,45000,0.9790744781494141,-25.314214287765985,6.632720583845847,-2.4285120964050293,bc_coef 1.0
SAC,sac_b,46000,0.9898456335067749,-11.523447690496015,6.585505518876969,-2.2216715812683105,bc_coef 1.0
SAC,sac_b,47000,0.9774327874183655,11.288240360689793,6.594173983430236,-2.416949987411499,bc_coef 1.0
SAC,sac_b,48000,0.9381382465362549,18.699397434267603,6.590618960917843,-2.212103843688965,bc_coef 1.0
SAC,sac_b,49000,0.9739553928375244,5.1513034448886,6.280080146640892,-2.421586036682129,bc_coef 1.0
SAC,sac_b,50000,0.9829409122467041,12.73367979232747,6.101420246731552,-2.516237258911133,bc_coef 1.0
SAC,sac_b,51000,0.9706491231918335,9.058464084971666,6.140940684100989,-2.868844509124756,bc_coef 1.0
SAC,sac_b,52000,0.986141562461853,22.5658721849639,6.186158437164216,-2.201338291168213,bc_coef 1.0
SAC,sac_b,53000,0.9761422872543335,38.222286863701456,6.224273882819438,-2.69408917427063,bc_coef 1.0
SAC,sac_b,54000,0.9645926356315613,62.99019896349087,6.228125600665598,-2.397739887237549,bc_coef 1.0
SAC,sac_b,55000,0.7520507574081421,57.449998657210145,6.133818475311836,-2.4483442306518555,bc_coef 1.0
SAC,sac_b,56000,0.987795889377594,51.9777279897623,6.112343317395473,-2.1472039222717285,bc_coef 1.0
SAC,sac_b,57000,0.9596708416938782,26.21904861326697,6.423238438875186,-1.8763246536254883,bc_coef 1.0
SAC,sac_b,58000,0.9758604764938354,4.2447294856881985,6.449604005178894,-2.492910385131836,bc_coef 1.0
SAC,sac_b,59000,0.9626381397247314,-20.444342652923375,6.410229439366098,-2.6440396308898926,bc_coef 1.0
SAC,sac_b,60000,0.9790148138999939,-19.336496223165135,6.408121151487137,-2.1203370094299316,bc_coef 1.0
SAC,sac_d,1000,nan,-117.9703133247772,23.81159893482553,nan,kien truc Q moi + gamma 0.95
SAC,sac_d,2000,-0.0005184412002563477,-131.7740305541723,29.076989247049436,-3.066866874694824,kien truc Q moi + gamma 0.95
SAC,sac_d,3000,0.534287691116333,-114.36061181364212,10.34673521284018,-2.535794734954834,kien truc Q moi + gamma 0.95
SAC,sac_d,4000,0.06786841154098511,-132.4760818388659,10.501675157430146,-2.6610615253448486,kien truc Q moi + gamma 0.95
SAC,sac_d,5000,0.48944979906082153,-132.7489603345337,10.745930254692881,-4.124365329742432,kien truc Q moi + gamma 0.95
SAC,sac_d,6000,0.18237608671188354,-139.85294205825727,10.664301278776472,-3.5046732425689697,kien truc Q moi + gamma 0.95
SAC,sac_d,7000,0.21915262937545776,-125.47054649616639,10.571306127720824,-3.3883461952209473,kien truc Q moi + gamma 0.95
SAC,sac_d,8000,0.8981968760490417,-120.46905076206045,10.912011882730713,-3.267483949661255,kien truc Q moi + gamma 0.95
SAC,sac_d,9000,0.8578078150749207,-101.31528406401212,10.92033634083131,-3.4467382431030273,kien truc Q moi + gamma 0.95
SAC,sac_d,10000,0.8487405180931091,-94.13181466150654,10.940529160361136,-2.805436372756958,kien truc Q moi + gamma 0.95
SAC,sac_d,11000,0.9184290766716003,-77.59335743514671,10.361729322875481,-3.214839458465576,kien truc Q moi + gamma 0.95
SAC,sac_d,12000,0.9326135516166687,-85.57997200890988,9.851542680517815,-2.924776792526245,kien truc Q moi + gamma 0.95
SAC,sac_d,13000,0.9611346125602722,-89.66622112451627,9.91037162771266,-2.910872220993042,kien truc Q moi + gamma 0.95
SAC,sac_d,14000,0.9461764693260193,-101.77624796008014,9.80522850763662,-3.125028133392334,kien truc Q moi + gamma 0.95
SAC,sac_d,15000,0.9496473670005798,-120.2752996492072,10.192321385576232,-3.12239146232605,kien truc Q moi + gamma 0.95
SAC,sac_d,16000,0.3716370463371277,-125.77986189008564,10.430030988524287,-2.7462475299835205,kien truc Q moi + gamma 0.95
SAC,sac_d,17000,0.9465192556381226,-144.45724404048954,10.436526235402118,-2.670644998550415,kien truc Q moi + gamma 0.95
SAC,sac_d,18000,0.8678733110427856,-158.23238931366194,10.369944006262141,-2.660459041595459,kien truc Q moi + gamma 0.95
SAC,sac_d,19000,0.9872036576271057,-128.5543554201277,6.35791673415337,-2.935141086578369,kien truc Q moi + gamma 0.95
SAC,sac_d,20000,0.9727092385292053,-100.42639828022598,6.466435490829066,-2.939258098602295,kien truc Q moi + gamma 0.95
SAC,sac_d,21000,0.9025774002075195,-60.503814102829,6.523749747176359,-2.318636655807495,kien truc Q moi + gamma 0.95
SAC,sac_d,22000,0.9805188179016113,-44.16359526746119,6.49124308031447,-2.070350170135498,kien truc Q moi + gamma 0.95
SAC,sac_d,23000,0.9575015902519226,-32.58959804278453,6.416538791262775,-2.1794798374176025,kien truc Q moi + gamma 0.95
SAC,sac_d,24000,0.9580659866333008,-10.78780978585462,6.552432448681226,-2.347290515899658,kien truc Q moi + gamma 0.95
SAC,sac_d,25000,0.9529845118522644,7.306220772275893,6.522898997433728,-2.6833255290985107,kien truc Q moi + gamma 0.95
SAC,sac_d,26000,0.4700556993484497,29.125155391699014,6.554040298379108,-2.415733575820923,kien truc Q moi + gamma 0.95
SAC,sac_d,27000,0.9135997295379639,44.07221347806403,6.544193621495723,-2.2731223106384277,kien truc Q moi + gamma 0.95
SAC,sac_d,28000,0.9732545614242554,56.68447985834009,6.567663471196537,-2.2754831314086914,kien truc Q moi + gamma 0.95
SAC,sac_d,29000,0.5972844362258911,69.39976530428095,6.532599855388628,-2.718501329421997,kien truc Q moi + gamma 0.95
SAC,sac_d,30000,0.9445023536682129,52.813676817502525,6.331988820734413,-2.3039140701293945,kien truc Q moi + gamma 0.95
SAC,sac_d,31000,0.8928599953651428,40.03995248287554,6.098625313469558,-2.061821222305298,kien truc Q moi + gamma 0.95
SAC,sac_d,32000,0.9731976985931396,13.67587766562479,6.093279549951903,-2.383287191390991,kien truc Q moi + gamma 0.95
SAC,sac_d,33000,0.9751071929931641,13.263958720657106,6.172553160973262,-2.619565963745117,kien truc Q moi + gamma 0.95
SAC,sac_d,34000,0.9814211130142212,8.042055702094427,6.109976880148062,-2.4366326332092285,kien truc Q moi + gamma 0.95
SAC,sac_d,35000,0.964860737323761,12.712417838633536,6.0841772352400225,-2.0582408905029297,kien truc Q moi + gamma 0.95
SAC,sac_d,36000,0.9469761848449707,22.026368028620272,6.3359024698724,-2.077437400817871,kien truc Q moi + gamma 0.95
SAC,sac_d,37000,0.9619846343994141,8.866068302945148,6.35732174394821,-2.447160005569458,kien truc Q moi + gamma 0.95
SAC,sac_d,38000,0.8569063544273376,-12.586729704686055,6.341670411720633,-2.0143325328826904,kien truc Q moi + gamma 0.95
SAC,sac_d,39000,0.9710982441902161,-15.778433216460417,6.297775569021378,-2.0764522552490234,kien truc Q moi + gamma 0.95
SAC,sac_e,1000,nan,-116.54864478060398,27.54801797280028,nan,khong rang buoc — SAC dung ban chat
SAC,sac_e,2000,-0.000603795051574707,-100.3468805154658,28.204196168197686,-2.824998140335083,khong rang buoc — SAC dung ban chat
SAC,sac_e,3000,0.520363450050354,-99.4557039078754,11.068826280414479,-2.3589911460876465,khong rang buoc — SAC dung ban chat
SAC,sac_e,4000,0.6838987469673157,-105.17468629686826,11.69950101172289,-2.2691025733947754,khong rang buoc — SAC dung ban chat
SAC,sac_e,5000,0.5841075778007507,-115.14105784752101,11.608980429444292,-2.25321102142334,khong rang buoc — SAC dung ban chat
SAC,sac_e,6000,0.11258649826049805,-126.4676193229875,11.48118901919249,-2.969740390777588,khong rang buoc — SAC dung ban chat
SAC,sac_e,7000,0.8122626543045044,-115.48287168296704,11.463236134751106,-2.4193382263183594,khong rang buoc — SAC dung ban chat
SAC,sac_e,8000,0.8879270553588867,-127.30905701465606,11.864232654464132,-2.8918771743774414,khong rang buoc — SAC dung ban chat
SAC,sac_e,9000,0.5614317655563354,-84.90384794845461,11.808038663957412,-2.4156064987182617,khong rang buoc — SAC dung ban chat
SAC,sac_e,10000,0.22899681329727173,-70.16288704277831,11.058185186889716,-2.1382203102111816,khong rang buoc — SAC dung ban chat
SAC,sac_e,11000,0.8956329226493835,-85.50514442491509,10.650206699841272,-2.135835647583008,khong rang buoc — SAC dung ban chat
SAC,sac_e,12000,0.6741045713424683,-98.55554564780104,10.582694144817877,-2.469182014465332,khong rang buoc — SAC dung ban chat
SAC,sac_e,13000,0.10724079608917236,-116.71031505806187,10.612114950720294,-2.946010112762451,khong rang buoc — SAC dung ban chat
SAC,sac_e,14000,0.9101772904396057,-122.1248833585839,10.66115175146914,-2.7094156742095947,khong rang buoc — SAC dung ban chat
SAC,sac_e,15000,0.8945819735527039,-133.37670680737838,11.338555921510915,-2.3329367637634277,khong rang buoc — SAC dung ban chat
SAC,sac_e,16000,0.9513424038887024,-120.28760762729742,11.175825988022957,-2.813676357269287,khong rang buoc — SAC dung ban chat
SAC,sac_e,17000,0.3604881167411804,-117.88356179141371,11.412842796105561,-3.399872303009033,khong rang buoc — SAC dung ban chat
SAC,sac_e,18000,0.5988507270812988,-123.82351826274389,11.598131452465498,-2.948376417160034,khong rang buoc — SAC dung ban chat
SAC,sac_e,19000,0.8433430194854736,-103.3390690068054,7.59779592430907,-4.083242416381836,khong rang buoc — SAC dung ban chat
SAC,sac_e,20000,0.9285433292388916,-90.21511604118604,7.347944152370138,-4.559825420379639,khong rang buoc — SAC dung ban chat
SAC,sac_e,21000,0.8809071779251099,-80.0127746912069,7.340594430839845,-4.486852645874023,khong rang buoc — SAC dung ban chat
SAC,sac_e,22000,0.9712609052658081,-79.97823633168056,7.091768600337552,-4.413204193115234,khong rang buoc — SAC dung ban chat
SAC,sac_e,23000,0.9462363123893738,-75.2535220385282,7.073692118824847,-3.736419439315796,khong rang buoc — SAC dung ban chat
SAC,sac_e,24000,0.9331864714622498,-76.38205588265589,7.1020460036449515,-4.0570502281188965,khong rang buoc — SAC dung ban chat
SAC,sac_e,25000,0.9295284748077393,-84.1445261687412,7.124562251884061,-3.3335156440734863,khong rang buoc — SAC dung ban chat
SAC,sac_e,26000,0.9774553775787354,-82.5391435400398,7.155655791471228,-3.8178300857543945,khong rang buoc — SAC dung ban chat
SAC,sac_e,27000,0.7380475997924805,-89.29031139424302,7.1038054973372144,-3.2317728996276855,khong rang buoc — SAC dung ban chat
SAC,sac_e,28000,0.8842030167579651,-137.2508422699722,7.4469639268544965,-3.1290698051452637,khong rang buoc — SAC dung ban chat
SAC,sac_e,29000,0.773996114730835,-159.96133159303807,7.436631267085016,-3.04495906829834,khong rang buoc — SAC dung ban chat
SAC,sac_e,30000,0.7821208834648132,-174.56887959637922,7.277945093119721,-2.61503267288208,khong rang buoc — SAC dung ban chat
